base_date,bank_code,bank_name_half_kana,bank_name_kanji,branch_code,branch_name_half_kana,branch_name_kanji
2023-05-12,9999,ｴｰﾀﾞﾌﾞﾘｭｰｴｽｷﾞﾝｺｳ,AWS銀行,001,ｱｶｼﾃﾝ,赤支店
2023-05-12,9999,ｴｰﾀﾞﾌﾞﾘｭｰｴｽｷﾞﾝｺｳ,AWS銀行,002,ﾀﾞｲﾀﾞｲｼﾃﾝ,橙支店
2023-05-12,9999,ｴｰﾀﾞﾌﾞﾘｭｰｴｽｷﾞﾝｺｳ,AWS銀行,003,ｷｼﾃﾝ,黄支店
2023-05-12,9999,ｴｰﾀﾞﾌﾞﾘｭｰｴｽｷﾞﾝｺｳ,AWS銀行,004,ﾐﾄﾞﾘｼﾃﾝ,緑支店
2023-05-12,9999,ｴｰﾀﾞﾌﾞﾘｭｰｴｽｷﾞﾝｺｳ,AWS銀行,005,ｱｵｼﾃﾝ,青支店
2023-05-12,9999,ｴｰﾀﾞﾌﾞﾘｭｰｴｽｷﾞﾝｺｳ,AWS銀行,006,ｱｲｼﾃﾝ,藍支店
2023-05-12,9999,ｴｰﾀﾞﾌﾞﾘｭｰｴｽｷﾞﾝｺｳ,AWS銀行,007,ﾑﾗｻｷｼﾃﾝ,紫支店
2023-05-12,9999,ｴｰﾀﾞﾌﾞﾘｭｰｴｽｷﾞﾝｺｳ,AWS銀行,008,ｼﾛｼﾃﾝ,白支店
2023-05-12,9999,ｴｰﾀﾞﾌﾞﾘｭｰｴｽｷﾞﾝｺｳ,AWS銀行,009,ｸﾛｼﾃﾝ,黒支店
2023-05-12,9999,ｴｰﾀﾞﾌﾞﾘｭｰｴｽｷﾞﾝｺｳ,AWS銀行,010,010ｼﾃﾝ,010支店
2023-05-12,9999,ｴｰﾀﾞﾌﾞﾘｭｰｴｽｷﾞﾝｺｳ,AWS銀行,011,011ｼﾃﾝ,011支店
2023-05-12,9999,ｴｰﾀﾞﾌﾞﾘｭｰｴｽｷﾞﾝｺｳ,AWS銀行,012,012ｼﾃﾝ,012支店
2023-05-12,9999,ｴｰﾀﾞﾌﾞﾘｭｰｴｽｷﾞﾝｺｳ,AWS銀行,013,013ｼﾃﾝ,013支店
2023-05-12,9999,ｴｰﾀﾞﾌﾞﾘｭｰｴｽｷﾞﾝｺｳ,AWS銀行,014,014ｼﾃﾝ,014支店
2023-05-12,9999,ｴｰﾀﾞﾌﾞﾘｭｰｴｽｷﾞﾝｺｳ,AWS銀行,015,015ｼﾃﾝ,015支店
2023-05-12,9999,ｴｰﾀﾞﾌﾞﾘｭｰｴｽｷﾞﾝｺｳ,AWS銀行,016,016ｼﾃﾝ,016支店
2023-05-12,9999,ｴｰﾀﾞﾌﾞﾘｭｰｴｽｷﾞﾝｺｳ,AWS銀行,017,017ｼﾃﾝ,017支店
2023-05-12,9999,ｴｰﾀﾞﾌﾞﾘｭｰｴｽｷﾞﾝｺｳ,AWS銀行,018,018ｼﾃﾝ,018支店
2023-05-12,9999,ｴｰﾀﾞﾌﾞﾘｭｰｴｽｷﾞﾝｺｳ,AWS銀行,019,019ｼﾃﾝ,019支店
2023-05-12,9999,ｴｰﾀﾞﾌﾞﾘｭｰｴｽｷﾞﾝｺｳ,AWS銀行,020,020ｼﾃﾝ,020支店
2023-05-12,9999,ｴｰﾀﾞﾌﾞﾘｭｰｴｽｷﾞﾝｺｳ,AWS銀行,021,021ｼﾃﾝ,021支店
2023-05-12,9999,ｴｰﾀﾞﾌﾞﾘｭｰｴｽｷﾞﾝｺｳ,AWS銀行,022,022ｼﾃﾝ,022支店
2023-05-12,9999,ｴｰﾀﾞﾌﾞﾘｭｰｴｽｷﾞﾝｺｳ,AWS銀行,023,023ｼﾃﾝ,023支店
2023-05-12,9999,ｴｰﾀﾞﾌﾞﾘｭｰｴｽｷﾞﾝｺｳ,AWS銀行,024,024ｼﾃﾝ,024支店
2023-05-12,9999,ｴｰﾀﾞﾌﾞﾘｭｰｴｽｷﾞﾝｺｳ,AWS銀行,025,025ｼﾃﾝ,025支店
2023-05-12,9999,ｴｰﾀﾞﾌﾞﾘｭｰｴｽｷﾞﾝｺｳ,AWS銀行,026,026ｼﾃﾝ,026支店
2023-05-12,9999,ｴｰﾀﾞﾌﾞﾘｭｰｴｽｷﾞﾝｺｳ,AWS銀行,027,027ｼﾃﾝ,027支店
2023-05-12,9999,ｴｰﾀﾞﾌﾞﾘｭｰｴｽｷﾞﾝｺｳ,AWS銀行,028,028ｼﾃﾝ,028支店
2023-05-12,9999,ｴｰﾀﾞﾌﾞﾘｭｰｴｽｷﾞﾝｺｳ,AWS銀行,029,029ｼﾃﾝ,029支店
2023-05-12,9999,ｴｰﾀﾞﾌﾞﾘｭｰｴｽｷﾞﾝｺｳ,AWS銀行,030,030ｼﾃﾝ,030支店
2023-05-12,9999,ｴｰﾀﾞﾌﾞﾘｭｰｴｽｷﾞﾝｺｳ,AWS銀行,031,031ｼﾃﾝ,031支店
2023-05-12,9999,ｴｰﾀﾞﾌﾞﾘｭｰｴｽｷﾞﾝｺｳ,AWS銀行,032,032ｼﾃﾝ,032支店
2023-05-12,9999,ｴｰﾀﾞﾌﾞﾘｭｰｴｽｷﾞﾝｺｳ,AWS銀行,033,033ｼﾃﾝ,033支店
2023-05-12,9999,ｴｰﾀﾞﾌﾞﾘｭｰｴｽｷﾞﾝｺｳ,AWS銀行,034,034ｼﾃﾝ,034支店
2023-05-12,9999,ｴｰﾀﾞﾌﾞﾘｭｰｴｽｷﾞﾝｺｳ,AWS銀行,035,035ｼﾃﾝ,035支店
2023-05-12,9999,ｴｰﾀﾞﾌﾞﾘｭｰｴｽｷﾞﾝｺｳ,AWS銀行,036,036ｼﾃﾝ,036支店
2023-05-12,9999,ｴｰﾀﾞﾌﾞﾘｭｰｴｽｷﾞﾝｺｳ,AWS銀行,037,037ｼﾃﾝ,037支店
2023-05-12,9999,ｴｰﾀﾞﾌﾞﾘｭｰｴｽｷﾞﾝｺｳ,AWS銀行,038,038ｼﾃﾝ,038支店
2023-05-12,9999,ｴｰﾀﾞﾌﾞﾘｭｰｴｽｷﾞﾝｺｳ,AWS銀行,039,039ｼﾃﾝ,039支店
2023-05-12,9999,ｴｰﾀﾞﾌﾞﾘｭｰｴｽｷﾞﾝｺｳ,AWS銀行,040,040ｼﾃﾝ,040支店
2023-05-12,9999,ｴｰﾀﾞﾌﾞﾘｭｰｴｽｷﾞﾝｺｳ,AWS銀行,041,041ｼﾃﾝ,041支店
2023-05-12,9999,ｴｰﾀﾞﾌﾞﾘｭｰｴｽｷﾞﾝｺｳ,AWS銀行,042,042ｼﾃﾝ,042支店
2023-05-12,9999,ｴｰﾀﾞﾌﾞﾘｭｰｴｽｷﾞﾝｺｳ,AWS銀行,043,043ｼﾃﾝ,043支店
2023-05-12,9999,ｴｰﾀﾞﾌﾞﾘｭｰｴｽｷﾞﾝｺｳ,AWS銀行,044,044ｼﾃﾝ,044支店
2023-05-12,9999,ｴｰﾀﾞﾌﾞﾘｭｰｴｽｷﾞﾝｺｳ,AWS銀行,045,045ｼﾃﾝ,045支店
2023-05-12,9999,ｴｰﾀﾞﾌﾞﾘｭｰｴｽｷﾞﾝｺｳ,AWS銀行,046,046ｼﾃﾝ,046支店
2023-05-12,9999,ｴｰﾀﾞﾌﾞﾘｭｰｴｽｷﾞﾝｺｳ,AWS銀行,047,047ｼﾃﾝ,047支店
2023-05-12,9999,ｴｰﾀﾞﾌﾞﾘｭｰｴｽｷﾞﾝｺｳ,AWS銀行,048,048ｼﾃﾝ,048支店
2023-05-12,9999,ｴｰﾀﾞﾌﾞﾘｭｰｴｽｷﾞﾝｺｳ,AWS銀行,049,049ｼﾃﾝ,049支店
2023-05-12,9999,ｴｰﾀﾞﾌﾞﾘｭｰｴｽｷﾞﾝｺｳ,AWS銀行,050,050ｼﾃﾝ,050支店
2023-05-12,9999,ｴｰﾀﾞﾌﾞﾘｭｰｴｽｷﾞﾝｺｳ,AWS銀行,051,051ｼﾃﾝ,051支店
2023-05-12,9999,ｴｰﾀﾞﾌﾞﾘｭｰｴｽｷﾞﾝｺｳ,AWS銀行,052,052ｼﾃﾝ,052支店
2023-05-12,9999,ｴｰﾀﾞﾌﾞﾘｭｰｴｽｷﾞﾝｺｳ,AWS銀行,053,053ｼﾃﾝ,053支店
2023-05-12,9999,ｴｰﾀﾞﾌﾞﾘｭｰｴｽｷﾞﾝｺｳ,AWS銀行,054,054ｼﾃﾝ,054支店
2023-05-12,9999,ｴｰﾀﾞﾌﾞﾘｭｰｴｽｷﾞﾝｺｳ,AWS銀行,055,055ｼﾃﾝ,055支店
2023-05-12,9999,ｴｰﾀﾞﾌﾞﾘｭｰｴｽｷﾞﾝｺｳ,AWS銀行,056,056ｼﾃﾝ,056支店
2023-05-12,9999,ｴｰﾀﾞﾌﾞﾘｭｰｴｽｷﾞﾝｺｳ,AWS銀行,057,057ｼﾃﾝ,057支店
2023-05-12,9999,ｴｰﾀﾞﾌﾞﾘｭｰｴｽｷﾞﾝｺｳ,AWS銀行,058,058ｼﾃﾝ,058支店
2023-05-12,9999,ｴｰﾀﾞﾌﾞﾘｭｰｴｽｷﾞﾝｺｳ,AWS銀行,059,059ｼﾃﾝ,059支店
2023-05-12,9999,ｴｰﾀﾞﾌﾞﾘｭｰｴｽｷﾞﾝｺｳ,AWS銀行,060,060ｼﾃﾝ,060支店
2023-05-12,9999,ｴｰﾀﾞﾌﾞﾘｭｰｴｽｷﾞﾝｺｳ,AWS銀行,061,061ｼﾃﾝ,061支店
2023-05-12,9999,ｴｰﾀﾞﾌﾞﾘｭｰｴｽｷﾞﾝｺｳ,AWS銀行,062,062ｼﾃﾝ,062支店
2023-05-12,9999,ｴｰﾀﾞﾌﾞﾘｭｰｴｽｷﾞﾝｺｳ,AWS銀行,063,063ｼﾃﾝ,063支店
2023-05-12,9999,ｴｰﾀﾞﾌﾞﾘｭｰｴｽｷﾞﾝｺｳ,AWS銀行,064,064ｼﾃﾝ,064支店
2023-05-12,9999,ｴｰﾀﾞﾌﾞﾘｭｰｴｽｷﾞﾝｺｳ,AWS銀行,065,065ｼﾃﾝ,065支店
2023-05-12,9999,ｴｰﾀﾞﾌﾞﾘｭｰｴｽｷﾞﾝｺｳ,AWS銀行,066,066ｼﾃﾝ,066支店
2023-05-12,9999,ｴｰﾀﾞﾌﾞﾘｭｰｴｽｷﾞﾝｺｳ,AWS銀行,067,067ｼﾃﾝ,067支店
2023-05-12,9999,ｴｰﾀﾞﾌﾞﾘｭｰｴｽｷﾞﾝｺｳ,AWS銀行,068,068ｼﾃﾝ,068支店
2023-05-12,9999,ｴｰﾀﾞﾌﾞﾘｭｰｴｽｷﾞﾝｺｳ,AWS銀行,069,069ｼﾃﾝ,069支店
2023-05-12,9999,ｴｰﾀﾞﾌﾞﾘｭｰｴｽｷﾞﾝｺｳ,AWS銀行,070,070ｼﾃﾝ,070支店
2023-05-12,9999,ｴｰﾀﾞﾌﾞﾘｭｰｴｽｷﾞﾝｺｳ,AWS銀行,071,071ｼﾃﾝ,071支店
2023-05-12,9999,ｴｰﾀﾞﾌﾞﾘｭｰｴｽｷﾞﾝｺｳ,AWS銀行,072,072ｼﾃﾝ,072支店
2023-05-12,9999,ｴｰﾀﾞﾌﾞﾘｭｰｴｽｷﾞﾝｺｳ,AWS銀行,073,073ｼﾃﾝ,073支店
2023-05-12,9999,ｴｰﾀﾞﾌﾞﾘｭｰｴｽｷﾞﾝｺｳ,AWS銀行,074,074ｼﾃﾝ,074支店
2023-05-12,9999,ｴｰﾀﾞﾌﾞﾘｭｰｴｽｷﾞﾝｺｳ,AWS銀行,075,075ｼﾃﾝ,075支店
2023-05-12,9999,ｴｰﾀﾞﾌﾞﾘｭｰｴｽｷﾞﾝｺｳ,AWS銀行,076,076ｼﾃﾝ,076支店
2023-05-12,9999,ｴｰﾀﾞﾌﾞﾘｭｰｴｽｷﾞﾝｺｳ,AWS銀行,077,077ｼﾃﾝ,077支店
2023-05-12,9999,ｴｰﾀﾞﾌﾞﾘｭｰｴｽｷﾞﾝｺｳ,AWS銀行,078,078ｼﾃﾝ,078支店
2023-05-12,9999,ｴｰﾀﾞﾌﾞﾘｭｰｴｽｷﾞﾝｺｳ,AWS銀行,079,079ｼﾃﾝ,079支店
2023-05-12,9999,ｴｰﾀﾞﾌﾞﾘｭｰｴｽｷﾞﾝｺｳ,AWS銀行,080,080ｼﾃﾝ,080支店
2023-05-12,9999,ｴｰﾀﾞﾌﾞﾘｭｰｴｽｷﾞﾝｺｳ,AWS銀行,081,081ｼﾃﾝ,081支店
2023-05-12,9999,ｴｰﾀﾞﾌﾞﾘｭｰｴｽｷﾞﾝｺｳ,AWS銀行,082,082ｼﾃﾝ,082支店
2023-05-12,9999,ｴｰﾀﾞﾌﾞﾘｭｰｴｽｷﾞﾝｺｳ,AWS銀行,083,083ｼﾃﾝ,083支店
2023-05-12,9999,ｴｰﾀﾞﾌﾞﾘｭｰｴｽｷﾞﾝｺｳ,AWS銀行,084,084ｼﾃﾝ,084支店
2023-05-12,9999,ｴｰﾀﾞﾌﾞﾘｭｰｴｽｷﾞﾝｺｳ,AWS銀行,085,085ｼﾃﾝ,085支店
2023-05-12,9999,ｴｰﾀﾞﾌﾞﾘｭｰｴｽｷﾞﾝｺｳ,AWS銀行,086,086ｼﾃﾝ,086支店
2023-05-12,9999,ｴｰﾀﾞﾌﾞﾘｭｰｴｽｷﾞﾝｺｳ,AWS銀行,087,087ｼﾃﾝ,087支店
2023-05-12,9999,ｴｰﾀﾞﾌﾞﾘｭｰｴｽｷﾞﾝｺｳ,AWS銀行,088,088ｼﾃﾝ,088支店
2023-05-12,9999,ｴｰﾀﾞﾌﾞﾘｭｰｴｽｷﾞﾝｺｳ,AWS銀行,089,089ｼﾃﾝ,089支店
2023-05-12,9999,ｴｰﾀﾞﾌﾞﾘｭｰｴｽｷﾞﾝｺｳ,AWS銀行,090,090ｼﾃﾝ,090支店
2023-05-12,9999,ｴｰﾀﾞﾌﾞﾘｭｰｴｽｷﾞﾝｺｳ,AWS銀行,091,091ｼﾃﾝ,091支店
2023-05-12,9999,ｴｰﾀﾞﾌﾞﾘｭｰｴｽｷﾞﾝｺｳ,AWS銀行,092,092ｼﾃﾝ,092支店
2023-05-12,9999,ｴｰﾀﾞﾌﾞﾘｭｰｴｽｷﾞﾝｺｳ,AWS銀行,093,093ｼﾃﾝ,093支店
2023-05-12,9999,ｴｰﾀﾞﾌﾞﾘｭｰｴｽｷﾞﾝｺｳ,AWS銀行,094,094ｼﾃﾝ,094支店
2023-05-12,9999,ｴｰﾀﾞﾌﾞﾘｭｰｴｽｷﾞﾝｺｳ,AWS銀行,095,095ｼﾃﾝ,095支店
2023-05-12,9999,ｴｰﾀﾞﾌﾞﾘｭｰｴｽｷﾞﾝｺｳ,AWS銀行,096,096ｼﾃﾝ,096支店
2023-05-12,9999,ｴｰﾀﾞﾌﾞﾘｭｰｴｽｷﾞﾝｺｳ,AWS銀行,097,097ｼﾃﾝ,097支店
2023-05-12,9999,ｴｰﾀﾞﾌﾞﾘｭｰｴｽｷﾞﾝｺｳ,AWS銀行,098,098ｼﾃﾝ,098支店
2023-05-12,9999,ｴｰﾀﾞﾌﾞﾘｭｰｴｽｷﾞﾝｺｳ,AWS銀行,099,099ｼﾃﾝ,099支店
2023-05-12,9999,ｴｰﾀﾞﾌﾞﾘｭｰｴｽｷﾞﾝｺｳ,AWS銀行,100,100ｼﾃﾝ,100支店
2023-05-12,9999,ｴｰﾀﾞﾌﾞﾘｭｰｴｽｷﾞﾝｺｳ,AWS銀行,101,101ｼﾃﾝ,101支店
2023-05-12,9999,ｴｰﾀﾞﾌﾞﾘｭｰｴｽｷﾞﾝｺｳ,AWS銀行,102,102ｼﾃﾝ,102支店
2023-05-12,9999,ｴｰﾀﾞﾌﾞﾘｭｰｴｽｷﾞﾝｺｳ,AWS銀行,103,103ｼﾃﾝ,103支店
2023-05-12,9999,ｴｰﾀﾞﾌﾞﾘｭｰｴｽｷﾞﾝｺｳ,AWS銀行,104,104ｼﾃﾝ,104支店
2023-05-12,9999,ｴｰﾀﾞﾌﾞﾘｭｰｴｽｷﾞﾝｺｳ,AWS銀行,105,105ｼﾃﾝ,105支店
2023-05-12,9999,ｴｰﾀﾞﾌﾞﾘｭｰｴｽｷﾞﾝｺｳ,AWS銀行,106,106ｼﾃﾝ,106支店
2023-05-12,9999,ｴｰﾀﾞﾌﾞﾘｭｰｴｽｷﾞﾝｺｳ,AWS銀行,107,107ｼﾃﾝ,107支店
2023-05-12,9999,ｴｰﾀﾞﾌﾞﾘｭｰｴｽｷﾞﾝｺｳ,AWS銀行,108,108ｼﾃﾝ,108支店
2023-05-12,9999,ｴｰﾀﾞﾌﾞﾘｭｰｴｽｷﾞﾝｺｳ,AWS銀行,109,109ｼﾃﾝ,109支店
2023-05-12,9999,ｴｰﾀﾞﾌﾞﾘｭｰｴｽｷﾞﾝｺｳ,AWS銀行,110,110ｼﾃﾝ,110支店
2023-05-12,9999,ｴｰﾀﾞﾌﾞﾘｭｰｴｽｷﾞﾝｺｳ,AWS銀行,111,111ｼﾃﾝ,111支店
2023-05-12,9999,ｴｰﾀﾞﾌﾞﾘｭｰｴｽｷﾞﾝｺｳ,AWS銀行,112,112ｼﾃﾝ,112支店
2023-05-12,9999,ｴｰﾀﾞﾌﾞﾘｭｰｴｽｷﾞﾝｺｳ,AWS銀行,113,113ｼﾃﾝ,113支店
2023-05-12,9999,ｴｰﾀﾞﾌﾞﾘｭｰｴｽｷﾞﾝｺｳ,AWS銀行,114,114ｼﾃﾝ,114支店
2023-05-12,9999,ｴｰﾀﾞﾌﾞﾘｭｰｴｽｷﾞﾝｺｳ,AWS銀行,115,115ｼﾃﾝ,115支店
2023-05-12,9999,ｴｰﾀﾞﾌﾞﾘｭｰｴｽｷﾞﾝｺｳ,AWS銀行,116,116ｼﾃﾝ,116支店
2023-05-12,9999,ｴｰﾀﾞﾌﾞﾘｭｰｴｽｷﾞﾝｺｳ,AWS銀行,117,117ｼﾃﾝ,117支店
2023-05-12,9999,ｴｰﾀﾞﾌﾞﾘｭｰｴｽｷﾞﾝｺｳ,AWS銀行,118,118ｼﾃﾝ,118支店
2023-05-12,9999,ｴｰﾀﾞﾌﾞﾘｭｰｴｽｷﾞﾝｺｳ,AWS銀行,119,119ｼﾃﾝ,119支店
2023-05-12,9999,ｴｰﾀﾞﾌﾞﾘｭｰｴｽｷﾞﾝｺｳ,AWS銀行,120,120ｼﾃﾝ,120支店
2023-05-12,9999,ｴｰﾀﾞﾌﾞﾘｭｰｴｽｷﾞﾝｺｳ,AWS銀行,121,121ｼﾃﾝ,121支店
2023-05-12,9999,ｴｰﾀﾞﾌﾞﾘｭｰｴｽｷﾞﾝｺｳ,AWS銀行,122,122ｼﾃﾝ,122支店
2023-05-12,9999,ｴｰﾀﾞﾌﾞﾘｭｰｴｽｷﾞﾝｺｳ,AWS銀行,123,123ｼﾃﾝ,123支店
2023-05-12,9999,ｴｰﾀﾞﾌﾞﾘｭｰｴｽｷﾞﾝｺｳ,AWS銀行,124,124ｼﾃﾝ,124支店
2023-05-12,9999,ｴｰﾀﾞﾌﾞﾘｭｰｴｽｷﾞﾝｺｳ,AWS銀行,125,125ｼﾃﾝ,125支店
2023-05-12,9999,ｴｰﾀﾞﾌﾞﾘｭｰｴｽｷﾞﾝｺｳ,AWS銀行,126,126ｼﾃﾝ,126支店
2023-05-12,9999,ｴｰﾀﾞﾌﾞﾘｭｰｴｽｷﾞﾝｺｳ,AWS銀行,127,127ｼﾃﾝ,127支店
2023-05-12,9999,ｴｰﾀﾞﾌﾞﾘｭｰｴｽｷﾞﾝｺｳ,AWS銀行,128,128ｼﾃﾝ,128支店
2023-05-12,9999,ｴｰﾀﾞﾌﾞﾘｭｰｴｽｷﾞﾝｺｳ,AWS銀行,129,129ｼﾃﾝ,129支店
2023-05-12,9999,ｴｰﾀﾞﾌﾞﾘｭｰｴｽｷﾞﾝｺｳ,AWS銀行,130,130ｼﾃﾝ,130支店
2023-05-12,9999,ｴｰﾀﾞﾌﾞﾘｭｰｴｽｷﾞﾝｺｳ,AWS銀行,131,131ｼﾃﾝ,131支店
2023-05-12,9999,ｴｰﾀﾞﾌﾞﾘｭｰｴｽｷﾞﾝｺｳ,AWS銀行,132,132ｼﾃﾝ,132支店
2023-05-12,9999,ｴｰﾀﾞﾌﾞﾘｭｰｴｽｷﾞﾝｺｳ,AWS銀行,133,133ｼﾃﾝ,133支店
2023-05-12,9999,ｴｰﾀﾞﾌﾞﾘｭｰｴｽｷﾞﾝｺｳ,AWS銀行,134,134ｼﾃﾝ,134支店
2023-05-12,9999,ｴｰﾀﾞﾌﾞﾘｭｰｴｽｷﾞﾝｺｳ,AWS銀行,135,135ｼﾃﾝ,135支店
2023-05-12,9999,ｴｰﾀﾞﾌﾞﾘｭｰｴｽｷﾞﾝｺｳ,AWS銀行,136,136ｼﾃﾝ,136支店
2023-05-12,9999,ｴｰﾀﾞﾌﾞﾘｭｰｴｽｷﾞﾝｺｳ,AWS銀行,137,137ｼﾃﾝ,137支店
2023-05-12,9999,ｴｰﾀﾞﾌﾞﾘｭｰｴｽｷﾞﾝｺｳ,AWS銀行,138,138ｼﾃﾝ,138支店
2023-05-12,9999,ｴｰﾀﾞﾌﾞﾘｭｰｴｽｷﾞﾝｺｳ,AWS銀行,139,139ｼﾃﾝ,139支店
2023-05-12,9999,ｴｰﾀﾞﾌﾞﾘｭｰｴｽｷﾞﾝｺｳ,AWS銀行,140,140ｼﾃﾝ,140支店
2023-05-12,9999,ｴｰﾀﾞﾌﾞﾘｭｰｴｽｷﾞﾝｺｳ,AWS銀行,141,141ｼﾃﾝ,141支店
2023-05-12,9999,ｴｰﾀﾞﾌﾞﾘｭｰｴｽｷﾞﾝｺｳ,AWS銀行,142,142ｼﾃﾝ,142支店
2023-05-12,9999,ｴｰﾀﾞﾌﾞﾘｭｰｴｽｷﾞﾝｺｳ,AWS銀行,143,143ｼﾃﾝ,143支店
2023-05-12,9999,ｴｰﾀﾞﾌﾞﾘｭｰｴｽｷﾞﾝｺｳ,AWS銀行,144,144ｼﾃﾝ,144支店
2023-05-12,9999,ｴｰﾀﾞﾌﾞﾘｭｰｴｽｷﾞﾝｺｳ,AWS銀行,145,145ｼﾃﾝ,145支店
2023-05-12,9999,ｴｰﾀﾞﾌﾞﾘｭｰｴｽｷﾞﾝｺｳ,AWS銀行,146,146ｼﾃﾝ,146支店
2023-05-12,9999,ｴｰﾀﾞﾌﾞﾘｭｰｴｽｷﾞﾝｺｳ,AWS銀行,147,147ｼﾃﾝ,147支店
2023-05-12,9999,ｴｰﾀﾞﾌﾞﾘｭｰｴｽｷﾞﾝｺｳ,AWS銀行,148,148ｼﾃﾝ,148支店
2023-05-12,9999,ｴｰﾀﾞﾌﾞﾘｭｰｴｽｷﾞﾝｺｳ,AWS銀行,149,149ｼﾃﾝ,149支店
2023-05-12,9999,ｴｰﾀﾞﾌﾞﾘｭｰｴｽｷﾞﾝｺｳ,AWS銀行,150,150ｼﾃﾝ,150支店
2023-05-12,9999,ｴｰﾀﾞﾌﾞﾘｭｰｴｽｷﾞﾝｺｳ,AWS銀行,151,151ｼﾃﾝ,151支店
2023-05-12,9999,ｴｰﾀﾞﾌﾞﾘｭｰｴｽｷﾞﾝｺｳ,AWS銀行,152,152ｼﾃﾝ,152支店
2023-05-12,9999,ｴｰﾀﾞﾌﾞﾘｭｰｴｽｷﾞﾝｺｳ,AWS銀行,153,153ｼﾃﾝ,153支店
2023-05-12,9999,ｴｰﾀﾞﾌﾞﾘｭｰｴｽｷﾞﾝｺｳ,AWS銀行,154,154ｼﾃﾝ,154支店
2023-05-12,9999,ｴｰﾀﾞﾌﾞﾘｭｰｴｽｷﾞﾝｺｳ,AWS銀行,155,155ｼﾃﾝ,155支店
2023-05-12,9999,ｴｰﾀﾞﾌﾞﾘｭｰｴｽｷﾞﾝｺｳ,AWS銀行,156,156ｼﾃﾝ,156支店
2023-05-12,9999,ｴｰﾀﾞﾌﾞﾘｭｰｴｽｷﾞﾝｺｳ,AWS銀行,157,157ｼﾃﾝ,157支店
2023-05-12,9999,ｴｰﾀﾞﾌﾞﾘｭｰｴｽｷﾞﾝｺｳ,AWS銀行,158,158ｼﾃﾝ,158支店
2023-05-12,9999,ｴｰﾀﾞﾌﾞﾘｭｰｴｽｷﾞﾝｺｳ,AWS銀行,159,159ｼﾃﾝ,159支店
2023-05-12,9999,ｴｰﾀﾞﾌﾞﾘｭｰｴｽｷﾞﾝｺｳ,AWS銀行,160,160ｼﾃﾝ,160支店
2023-05-12,9999,ｴｰﾀﾞﾌﾞﾘｭｰｴｽｷﾞﾝｺｳ,AWS銀行,161,161ｼﾃﾝ,161支店
2023-05-12,9999,ｴｰﾀﾞﾌﾞﾘｭｰｴｽｷﾞﾝｺｳ,AWS銀行,162,162ｼﾃﾝ,162支店
2023-05-12,9999,ｴｰﾀﾞﾌﾞﾘｭｰｴｽｷﾞﾝｺｳ,AWS銀行,163,163ｼﾃﾝ,163支店
2023-05-12,9999,ｴｰﾀﾞﾌﾞﾘｭｰｴｽｷﾞﾝｺｳ,AWS銀行,164,164ｼﾃﾝ,164支店
2023-05-12,9999,ｴｰﾀﾞﾌﾞﾘｭｰｴｽｷﾞﾝｺｳ,AWS銀行,165,165ｼﾃﾝ,165支店
2023-05-12,9999,ｴｰﾀﾞﾌﾞﾘｭｰｴｽｷﾞﾝｺｳ,AWS銀行,166,166ｼﾃﾝ,166支店
2023-05-12,9999,ｴｰﾀﾞﾌﾞﾘｭｰｴｽｷﾞﾝｺｳ,AWS銀行,167,167ｼﾃﾝ,167支店
2023-05-12,9999,ｴｰﾀﾞﾌﾞﾘｭｰｴｽｷﾞﾝｺｳ,AWS銀行,168,168ｼﾃﾝ,168支店
2023-05-12,9999,ｴｰﾀﾞﾌﾞﾘｭｰｴｽｷﾞﾝｺｳ,AWS銀行,169,169ｼﾃﾝ,169支店
2023-05-12,9999,ｴｰﾀﾞﾌﾞﾘｭｰｴｽｷﾞﾝｺｳ,AWS銀行,170,170ｼﾃﾝ,170支店
2023-05-12,9999,ｴｰﾀﾞﾌﾞﾘｭｰｴｽｷﾞﾝｺｳ,AWS銀行,171,171ｼﾃﾝ,171支店
2023-05-12,9999,ｴｰﾀﾞﾌﾞﾘｭｰｴｽｷﾞﾝｺｳ,AWS銀行,172,172ｼﾃﾝ,172支店
2023-05-12,9999,ｴｰﾀﾞﾌﾞﾘｭｰｴｽｷﾞﾝｺｳ,AWS銀行,173,173ｼﾃﾝ,173支店
2023-05-12,9999,ｴｰﾀﾞﾌﾞﾘｭｰｴｽｷﾞﾝｺｳ,AWS銀行,174,174ｼﾃﾝ,174支店
2023-05-12,9999,ｴｰﾀﾞﾌﾞﾘｭｰｴｽｷﾞﾝｺｳ,AWS銀行,175,175ｼﾃﾝ,175支店
2023-05-12,9999,ｴｰﾀﾞﾌﾞﾘｭｰｴｽｷﾞﾝｺｳ,AWS銀行,176,176ｼﾃﾝ,176支店
2023-05-12,9999,ｴｰﾀﾞﾌﾞﾘｭｰｴｽｷﾞﾝｺｳ,AWS銀行,177,177ｼﾃﾝ,177支店
2023-05-12,9999,ｴｰﾀﾞﾌﾞﾘｭｰｴｽｷﾞﾝｺｳ,AWS銀行,178,178ｼﾃﾝ,178支店
2023-05-12,9999,ｴｰﾀﾞﾌﾞﾘｭｰｴｽｷﾞﾝｺｳ,AWS銀行,179,179ｼﾃﾝ,179支店
2023-05-12,9999,ｴｰﾀﾞﾌﾞﾘｭｰｴｽｷﾞﾝｺｳ,AWS銀行,180,180ｼﾃﾝ,180支店
2023-05-12,9999,ｴｰﾀﾞﾌﾞﾘｭｰｴｽｷﾞﾝｺｳ,AWS銀行,181,181ｼﾃﾝ,181支店
2023-05-12,9999,ｴｰﾀﾞﾌﾞﾘｭｰｴｽｷﾞﾝｺｳ,AWS銀行,182,182ｼﾃﾝ,182支店
2023-05-12,9999,ｴｰﾀﾞﾌﾞﾘｭｰｴｽｷﾞﾝｺｳ,AWS銀行,183,183ｼﾃﾝ,183支店
2023-05-12,9999,ｴｰﾀﾞﾌﾞﾘｭｰｴｽｷﾞﾝｺｳ,AWS銀行,184,184ｼﾃﾝ,184支店
2023-05-12,9999,ｴｰﾀﾞﾌﾞﾘｭｰｴｽｷﾞﾝｺｳ,AWS銀行,185,185ｼﾃﾝ,185支店
2023-05-12,9999,ｴｰﾀﾞﾌﾞﾘｭｰｴｽｷﾞﾝｺｳ,AWS銀行,186,186ｼﾃﾝ,186支店
2023-05-12,9999,ｴｰﾀﾞﾌﾞﾘｭｰｴｽｷﾞﾝｺｳ,AWS銀行,187,187ｼﾃﾝ,187支店
2023-05-12,9999,ｴｰﾀﾞﾌﾞﾘｭｰｴｽｷﾞﾝｺｳ,AWS銀行,188,188ｼﾃﾝ,188支店
2023-05-12,9999,ｴｰﾀﾞﾌﾞﾘｭｰｴｽｷﾞﾝｺｳ,AWS銀行,189,189ｼﾃﾝ,189支店
2023-05-12,9999,ｴｰﾀﾞﾌﾞﾘｭｰｴｽｷﾞﾝｺｳ,AWS銀行,190,190ｼﾃﾝ,190支店
2023-05-12,9999,ｴｰﾀﾞﾌﾞﾘｭｰｴｽｷﾞﾝｺｳ,AWS銀行,191,191ｼﾃﾝ,191支店
2023-05-12,9999,ｴｰﾀﾞﾌﾞﾘｭｰｴｽｷﾞﾝｺｳ,AWS銀行,192,192ｼﾃﾝ,192支店
2023-05-12,9999,ｴｰﾀﾞﾌﾞﾘｭｰｴｽｷﾞﾝｺｳ,AWS銀行,193,193ｼﾃﾝ,193支店
2023-05-12,9999,ｴｰﾀﾞﾌﾞﾘｭｰｴｽｷﾞﾝｺｳ,AWS銀行,194,194ｼﾃﾝ,194支店
2023-05-12,9999,ｴｰﾀﾞﾌﾞﾘｭｰｴｽｷﾞﾝｺｳ,AWS銀行,195,195ｼﾃﾝ,195支店
2023-05-12,9999,ｴｰﾀﾞﾌﾞﾘｭｰｴｽｷﾞﾝｺｳ,AWS銀行,196,196ｼﾃﾝ,196支店
2023-05-12,9999,ｴｰﾀﾞﾌﾞﾘｭｰｴｽｷﾞﾝｺｳ,AWS銀行,197,197ｼﾃﾝ,197支店
2023-05-12,9999,ｴｰﾀﾞﾌﾞﾘｭｰｴｽｷﾞﾝｺｳ,AWS銀行,198,198ｼﾃﾝ,198支店
2023-05-12,9999,ｴｰﾀﾞﾌﾞﾘｭｰｴｽｷﾞﾝｺｳ,AWS銀行,199,199ｼﾃﾝ,199支店
2023-05-12,9999,ｴｰﾀﾞﾌﾞﾘｭｰｴｽｷﾞﾝｺｳ,AWS銀行,200,200ｼﾃﾝ,200支店
2023-05-12,9999,ｴｰﾀﾞﾌﾞﾘｭｰｴｽｷﾞﾝｺｳ,AWS銀行,201,201ｼﾃﾝ,201支店
2023-05-12,9999,ｴｰﾀﾞﾌﾞﾘｭｰｴｽｷﾞﾝｺｳ,AWS銀行,202,202ｼﾃﾝ,202支店
2023-05-12,9999,ｴｰﾀﾞﾌﾞﾘｭｰｴｽｷﾞﾝｺｳ,AWS銀行,203,203ｼﾃﾝ,203支店
2023-05-12,9999,ｴｰﾀﾞﾌﾞﾘｭｰｴｽｷﾞﾝｺｳ,AWS銀行,204,204ｼﾃﾝ,204支店
2023-05-12,9999,ｴｰﾀﾞﾌﾞﾘｭｰｴｽｷﾞﾝｺｳ,AWS銀行,205,205ｼﾃﾝ,205支店
2023-05-12,9999,ｴｰﾀﾞﾌﾞﾘｭｰｴｽｷﾞﾝｺｳ,AWS銀行,206,206ｼﾃﾝ,206支店
2023-05-12,9999,ｴｰﾀﾞﾌﾞﾘｭｰｴｽｷﾞﾝｺｳ,AWS銀行,207,207ｼﾃﾝ,207支店
2023-05-12,9999,ｴｰﾀﾞﾌﾞﾘｭｰｴｽｷﾞﾝｺｳ,AWS銀行,208,208ｼﾃﾝ,208支店
2023-05-12,9999,ｴｰﾀﾞﾌﾞﾘｭｰｴｽｷﾞﾝｺｳ,AWS銀行,209,209ｼﾃﾝ,209支店
2023-05-12,9999,ｴｰﾀﾞﾌﾞﾘｭｰｴｽｷﾞﾝｺｳ,AWS銀行,210,210ｼﾃﾝ,210支店
2023-05-12,9999,ｴｰﾀﾞﾌﾞﾘｭｰｴｽｷﾞﾝｺｳ,AWS銀行,211,211ｼﾃﾝ,211支店
2023-05-12,9999,ｴｰﾀﾞﾌﾞﾘｭｰｴｽｷﾞﾝｺｳ,AWS銀行,212,212ｼﾃﾝ,212支店
2023-05-12,9999,ｴｰﾀﾞﾌﾞﾘｭｰｴｽｷﾞﾝｺｳ,AWS銀行,213,213ｼﾃﾝ,213支店
2023-05-12,9999,ｴｰﾀﾞﾌﾞﾘｭｰｴｽｷﾞﾝｺｳ,AWS銀行,214,214ｼﾃﾝ,214支店
2023-05-12,9999,ｴｰﾀﾞﾌﾞﾘｭｰｴｽｷﾞﾝｺｳ,AWS銀行,215,215ｼﾃﾝ,215支店
2023-05-12,9999,ｴｰﾀﾞﾌﾞﾘｭｰｴｽｷﾞﾝｺｳ,AWS銀行,216,216ｼﾃﾝ,216支店
2023-05-12,9999,ｴｰﾀﾞﾌﾞﾘｭｰｴｽｷﾞﾝｺｳ,AWS銀行,217,217ｼﾃﾝ,217支店
2023-05-12,9999,ｴｰﾀﾞﾌﾞﾘｭｰｴｽｷﾞﾝｺｳ,AWS銀行,218,218ｼﾃﾝ,218支店
2023-05-12,9999,ｴｰﾀﾞﾌﾞﾘｭｰｴｽｷﾞﾝｺｳ,AWS銀行,219,219ｼﾃﾝ,219支店
2023-05-12,9999,ｴｰﾀﾞﾌﾞﾘｭｰｴｽｷﾞﾝｺｳ,AWS銀行,220,220ｼﾃﾝ,220支店
2023-05-12,9999,ｴｰﾀﾞﾌﾞﾘｭｰｴｽｷﾞﾝｺｳ,AWS銀行,221,221ｼﾃﾝ,221支店
2023-05-12,9999,ｴｰﾀﾞﾌﾞﾘｭｰｴｽｷﾞﾝｺｳ,AWS銀行,222,222ｼﾃﾝ,222支店
2023-05-12,9999,ｴｰﾀﾞﾌﾞﾘｭｰｴｽｷﾞﾝｺｳ,AWS銀行,223,223ｼﾃﾝ,223支店
2023-05-12,9999,ｴｰﾀﾞﾌﾞﾘｭｰｴｽｷﾞﾝｺｳ,AWS銀行,224,224ｼﾃﾝ,224支店
2023-05-12,9999,ｴｰﾀﾞﾌﾞﾘｭｰｴｽｷﾞﾝｺｳ,AWS銀行,225,225ｼﾃﾝ,225支店
2023-05-12,9999,ｴｰﾀﾞﾌﾞﾘｭｰｴｽｷﾞﾝｺｳ,AWS銀行,226,226ｼﾃﾝ,226支店
2023-05-12,9999,ｴｰﾀﾞﾌﾞﾘｭｰｴｽｷﾞﾝｺｳ,AWS銀行,227,227ｼﾃﾝ,227支店
2023-05-12,9999,ｴｰﾀﾞﾌﾞﾘｭｰｴｽｷﾞﾝｺｳ,AWS銀行,228,228ｼﾃﾝ,228支店
2023-05-12,9999,ｴｰﾀﾞﾌﾞﾘｭｰｴｽｷﾞﾝｺｳ,AWS銀行,229,229ｼﾃﾝ,229支店
2023-05-12,9999,ｴｰﾀﾞﾌﾞﾘｭｰｴｽｷﾞﾝｺｳ,AWS銀行,230,230ｼﾃﾝ,230支店
2023-05-12,9999,ｴｰﾀﾞﾌﾞﾘｭｰｴｽｷﾞﾝｺｳ,AWS銀行,231,231ｼﾃﾝ,231支店
2023-05-12,9999,ｴｰﾀﾞﾌﾞﾘｭｰｴｽｷﾞﾝｺｳ,AWS銀行,232,232ｼﾃﾝ,232支店
2023-05-12,9999,ｴｰﾀﾞﾌﾞﾘｭｰｴｽｷﾞﾝｺｳ,AWS銀行,233,233ｼﾃﾝ,233支店
2023-05-12,9999,ｴｰﾀﾞﾌﾞﾘｭｰｴｽｷﾞﾝｺｳ,AWS銀行,234,234ｼﾃﾝ,234支店
2023-05-12,9999,ｴｰﾀﾞﾌﾞﾘｭｰｴｽｷﾞﾝｺｳ,AWS銀行,235,235ｼﾃﾝ,235支店
2023-05-12,9999,ｴｰﾀﾞﾌﾞﾘｭｰｴｽｷﾞﾝｺｳ,AWS銀行,236,236ｼﾃﾝ,236支店
2023-05-12,9999,ｴｰﾀﾞﾌﾞﾘｭｰｴｽｷﾞﾝｺｳ,AWS銀行,237,237ｼﾃﾝ,237支店
2023-05-12,9999,ｴｰﾀﾞﾌﾞﾘｭｰｴｽｷﾞﾝｺｳ,AWS銀行,238,238ｼﾃﾝ,238支店
2023-05-12,9999,ｴｰﾀﾞﾌﾞﾘｭｰｴｽｷﾞﾝｺｳ,AWS銀行,239,239ｼﾃﾝ,239支店
2023-05-12,9999,ｴｰﾀﾞﾌﾞﾘｭｰｴｽｷﾞﾝｺｳ,AWS銀行,240,240ｼﾃﾝ,240支店
2023-05-12,9999,ｴｰﾀﾞﾌﾞﾘｭｰｴｽｷﾞﾝｺｳ,AWS銀行,241,241ｼﾃﾝ,241支店
2023-05-12,9999,ｴｰﾀﾞﾌﾞﾘｭｰｴｽｷﾞﾝｺｳ,AWS銀行,242,242ｼﾃﾝ,242支店
2023-05-12,9999,ｴｰﾀﾞﾌﾞﾘｭｰｴｽｷﾞﾝｺｳ,AWS銀行,243,243ｼﾃﾝ,243支店
2023-05-12,9999,ｴｰﾀﾞﾌﾞﾘｭｰｴｽｷﾞﾝｺｳ,AWS銀行,244,244ｼﾃﾝ,244支店
2023-05-12,9999,ｴｰﾀﾞﾌﾞﾘｭｰｴｽｷﾞﾝｺｳ,AWS銀行,245,245ｼﾃﾝ,245支店
2023-05-12,9999,ｴｰﾀﾞﾌﾞﾘｭｰｴｽｷﾞﾝｺｳ,AWS銀行,246,246ｼﾃﾝ,246支店
2023-05-12,9999,ｴｰﾀﾞﾌﾞﾘｭｰｴｽｷﾞﾝｺｳ,AWS銀行,247,247ｼﾃﾝ,247支店
2023-05-12,9999,ｴｰﾀﾞﾌﾞﾘｭｰｴｽｷﾞﾝｺｳ,AWS銀行,248,248ｼﾃﾝ,248支店
2023-05-12,9999,ｴｰﾀﾞﾌﾞﾘｭｰｴｽｷﾞﾝｺｳ,AWS銀行,249,249ｼﾃﾝ,249支店
2023-05-12,9999,ｴｰﾀﾞﾌﾞﾘｭｰｴｽｷﾞﾝｺｳ,AWS銀行,250,250ｼﾃﾝ,250支店
2023-05-12,9999,ｴｰﾀﾞﾌﾞﾘｭｰｴｽｷﾞﾝｺｳ,AWS銀行,251,251ｼﾃﾝ,251支店
2023-05-12,9999,ｴｰﾀﾞﾌﾞﾘｭｰｴｽｷﾞﾝｺｳ,AWS銀行,252,252ｼﾃﾝ,252支店
2023-05-12,9999,ｴｰﾀﾞﾌﾞﾘｭｰｴｽｷﾞﾝｺｳ,AWS銀行,253,253ｼﾃﾝ,253支店
2023-05-12,9999,ｴｰﾀﾞﾌﾞﾘｭｰｴｽｷﾞﾝｺｳ,AWS銀行,254,254ｼﾃﾝ,254支店
2023-05-12,9999,ｴｰﾀﾞﾌﾞﾘｭｰｴｽｷﾞﾝｺｳ,AWS銀行,255,255ｼﾃﾝ,255支店
2023-05-12,9999,ｴｰﾀﾞﾌﾞﾘｭｰｴｽｷﾞﾝｺｳ,AWS銀行,256,256ｼﾃﾝ,256支店
2023-05-12,9999,ｴｰﾀﾞﾌﾞﾘｭｰｴｽｷﾞﾝｺｳ,AWS銀行,257,257ｼﾃﾝ,257支店
2023-05-12,9999,ｴｰﾀﾞﾌﾞﾘｭｰｴｽｷﾞﾝｺｳ,AWS銀行,258,258ｼﾃﾝ,258支店
2023-05-12,9999,ｴｰﾀﾞﾌﾞﾘｭｰｴｽｷﾞﾝｺｳ,AWS銀行,259,259ｼﾃﾝ,259支店
2023-05-12,9999,ｴｰﾀﾞﾌﾞﾘｭｰｴｽｷﾞﾝｺｳ,AWS銀行,260,260ｼﾃﾝ,260支店
2023-05-12,9999,ｴｰﾀﾞﾌﾞﾘｭｰｴｽｷﾞﾝｺｳ,AWS銀行,261,261ｼﾃﾝ,261支店
2023-05-12,9999,ｴｰﾀﾞﾌﾞﾘｭｰｴｽｷﾞﾝｺｳ,AWS銀行,262,262ｼﾃﾝ,262支店
2023-05-12,9999,ｴｰﾀﾞﾌﾞﾘｭｰｴｽｷﾞﾝｺｳ,AWS銀行,263,263ｼﾃﾝ,263支店
2023-05-12,9999,ｴｰﾀﾞﾌﾞﾘｭｰｴｽｷﾞﾝｺｳ,AWS銀行,264,264ｼﾃﾝ,264支店
2023-05-12,9999,ｴｰﾀﾞﾌﾞﾘｭｰｴｽｷﾞﾝｺｳ,AWS銀行,265,265ｼﾃﾝ,265支店
2023-05-12,9999,ｴｰﾀﾞﾌﾞﾘｭｰｴｽｷﾞﾝｺｳ,AWS銀行,266,266ｼﾃﾝ,266支店
2023-05-12,9999,ｴｰﾀﾞﾌﾞﾘｭｰｴｽｷﾞﾝｺｳ,AWS銀行,267,267ｼﾃﾝ,267支店
2023-05-12,9999,ｴｰﾀﾞﾌﾞﾘｭｰｴｽｷﾞﾝｺｳ,AWS銀行,268,268ｼﾃﾝ,268支店
2023-05-12,9999,ｴｰﾀﾞﾌﾞﾘｭｰｴｽｷﾞﾝｺｳ,AWS銀行,269,269ｼﾃﾝ,269支店
2023-05-12,9999,ｴｰﾀﾞﾌﾞﾘｭｰｴｽｷﾞﾝｺｳ,AWS銀行,270,270ｼﾃﾝ,270支店
2023-05-12,9999,ｴｰﾀﾞﾌﾞﾘｭｰｴｽｷﾞﾝｺｳ,AWS銀行,271,271ｼﾃﾝ,271支店
2023-05-12,9999,ｴｰﾀﾞﾌﾞﾘｭｰｴｽｷﾞﾝｺｳ,AWS銀行,272,272ｼﾃﾝ,272支店
2023-05-12,9999,ｴｰﾀﾞﾌﾞﾘｭｰｴｽｷﾞﾝｺｳ,AWS銀行,273,273ｼﾃﾝ,273支店
2023-05-12,9999,ｴｰﾀﾞﾌﾞﾘｭｰｴｽｷﾞﾝｺｳ,AWS銀行,274,274ｼﾃﾝ,274支店
2023-05-12,9999,ｴｰﾀﾞﾌﾞﾘｭｰｴｽｷﾞﾝｺｳ,AWS銀行,275,275ｼﾃﾝ,275支店
2023-05-12,9999,ｴｰﾀﾞﾌﾞﾘｭｰｴｽｷﾞﾝｺｳ,AWS銀行,276,276ｼﾃﾝ,276支店
2023-05-12,9999,ｴｰﾀﾞﾌﾞﾘｭｰｴｽｷﾞﾝｺｳ,AWS銀行,277,277ｼﾃﾝ,277支店
2023-05-12,9999,ｴｰﾀﾞﾌﾞﾘｭｰｴｽｷﾞﾝｺｳ,AWS銀行,278,278ｼﾃﾝ,278支店
2023-05-12,9999,ｴｰﾀﾞﾌﾞﾘｭｰｴｽｷﾞﾝｺｳ,AWS銀行,279,279ｼﾃﾝ,279支店
2023-05-12,9999,ｴｰﾀﾞﾌﾞﾘｭｰｴｽｷﾞﾝｺｳ,AWS銀行,280,280ｼﾃﾝ,280支店
2023-05-12,9999,ｴｰﾀﾞﾌﾞﾘｭｰｴｽｷﾞﾝｺｳ,AWS銀行,281,281ｼﾃﾝ,281支店
2023-05-12,9999,ｴｰﾀﾞﾌﾞﾘｭｰｴｽｷﾞﾝｺｳ,AWS銀行,282,282ｼﾃﾝ,282支店
2023-05-12,9999,ｴｰﾀﾞﾌﾞﾘｭｰｴｽｷﾞﾝｺｳ,AWS銀行,283,283ｼﾃﾝ,283支店
2023-05-12,9999,ｴｰﾀﾞﾌﾞﾘｭｰｴｽｷﾞﾝｺｳ,AWS銀行,284,284ｼﾃﾝ,284支店
2023-05-12,9999,ｴｰﾀﾞﾌﾞﾘｭｰｴｽｷﾞﾝｺｳ,AWS銀行,285,285ｼﾃﾝ,285支店
2023-05-12,9999,ｴｰﾀﾞﾌﾞﾘｭｰｴｽｷﾞﾝｺｳ,AWS銀行,286,286ｼﾃﾝ,286支店
2023-05-12,9999,ｴｰﾀﾞﾌﾞﾘｭｰｴｽｷﾞﾝｺｳ,AWS銀行,287,287ｼﾃﾝ,287支店
2023-05-12,9999,ｴｰﾀﾞﾌﾞﾘｭｰｴｽｷﾞﾝｺｳ,AWS銀行,288,288ｼﾃﾝ,288支店
2023-05-12,9999,ｴｰﾀﾞﾌﾞﾘｭｰｴｽｷﾞﾝｺｳ,AWS銀行,289,289ｼﾃﾝ,289支店
2023-05-12,9999,ｴｰﾀﾞﾌﾞﾘｭｰｴｽｷﾞﾝｺｳ,AWS銀行,290,290ｼﾃﾝ,290支店
2023-05-12,9999,ｴｰﾀﾞﾌﾞﾘｭｰｴｽｷﾞﾝｺｳ,AWS銀行,291,291ｼﾃﾝ,291支店
2023-05-12,9999,ｴｰﾀﾞﾌﾞﾘｭｰｴｽｷﾞﾝｺｳ,AWS銀行,292,292ｼﾃﾝ,292支店
2023-05-12,9999,ｴｰﾀﾞﾌﾞﾘｭｰｴｽｷﾞﾝｺｳ,AWS銀行,293,293ｼﾃﾝ,293支店
2023-05-12,9999,ｴｰﾀﾞﾌﾞﾘｭｰｴｽｷﾞﾝｺｳ,AWS銀行,294,294ｼﾃﾝ,294支店
2023-05-12,9999,ｴｰﾀﾞﾌﾞﾘｭｰｴｽｷﾞﾝｺｳ,AWS銀行,295,295ｼﾃﾝ,295支店
2023-05-12,9999,ｴｰﾀﾞﾌﾞﾘｭｰｴｽｷﾞﾝｺｳ,AWS銀行,296,296ｼﾃﾝ,296支店
2023-05-12,9999,ｴｰﾀﾞﾌﾞﾘｭｰｴｽｷﾞﾝｺｳ,AWS銀行,297,297ｼﾃﾝ,297支店
2023-05-12,9999,ｴｰﾀﾞﾌﾞﾘｭｰｴｽｷﾞﾝｺｳ,AWS銀行,298,298ｼﾃﾝ,298支店
2023-05-12,9999,ｴｰﾀﾞﾌﾞﾘｭｰｴｽｷﾞﾝｺｳ,AWS銀行,299,299ｼﾃﾝ,299支店
2023-05-12,9999,ｴｰﾀﾞﾌﾞﾘｭｰｴｽｷﾞﾝｺｳ,AWS銀行,300,300ｼﾃﾝ,300支店
2023-05-12,9999,ｴｰﾀﾞﾌﾞﾘｭｰｴｽｷﾞﾝｺｳ,AWS銀行,301,301ｼﾃﾝ,301支店
2023-05-12,9999,ｴｰﾀﾞﾌﾞﾘｭｰｴｽｷﾞﾝｺｳ,AWS銀行,302,302ｼﾃﾝ,302支店
2023-05-12,9999,ｴｰﾀﾞﾌﾞﾘｭｰｴｽｷﾞﾝｺｳ,AWS銀行,303,303ｼﾃﾝ,303支店
2023-05-12,9999,ｴｰﾀﾞﾌﾞﾘｭｰｴｽｷﾞﾝｺｳ,AWS銀行,304,304ｼﾃﾝ,304支店
2023-05-12,9999,ｴｰﾀﾞﾌﾞﾘｭｰｴｽｷﾞﾝｺｳ,AWS銀行,305,305ｼﾃﾝ,305支店
2023-05-12,9999,ｴｰﾀﾞﾌﾞﾘｭｰｴｽｷﾞﾝｺｳ,AWS銀行,306,306ｼﾃﾝ,306支店
2023-05-12,9999,ｴｰﾀﾞﾌﾞﾘｭｰｴｽｷﾞﾝｺｳ,AWS銀行,307,307ｼﾃﾝ,307支店
2023-05-12,9999,ｴｰﾀﾞﾌﾞﾘｭｰｴｽｷﾞﾝｺｳ,AWS銀行,308,308ｼﾃﾝ,308支店
2023-05-12,9999,ｴｰﾀﾞﾌﾞﾘｭｰｴｽｷﾞﾝｺｳ,AWS銀行,309,309ｼﾃﾝ,309支店
2023-05-12,9999,ｴｰﾀﾞﾌﾞﾘｭｰｴｽｷﾞﾝｺｳ,AWS銀行,310,310ｼﾃﾝ,310支店
2023-05-12,9999,ｴｰﾀﾞﾌﾞﾘｭｰｴｽｷﾞﾝｺｳ,AWS銀行,311,311ｼﾃﾝ,311支店
2023-05-12,9999,ｴｰﾀﾞﾌﾞﾘｭｰｴｽｷﾞﾝｺｳ,AWS銀行,312,312ｼﾃﾝ,312支店
2023-05-12,9999,ｴｰﾀﾞﾌﾞﾘｭｰｴｽｷﾞﾝｺｳ,AWS銀行,313,313ｼﾃﾝ,313支店
2023-05-12,9999,ｴｰﾀﾞﾌﾞﾘｭｰｴｽｷﾞﾝｺｳ,AWS銀行,314,314ｼﾃﾝ,314支店
2023-05-12,9999,ｴｰﾀﾞﾌﾞﾘｭｰｴｽｷﾞﾝｺｳ,AWS銀行,315,315ｼﾃﾝ,315支店
2023-05-12,9999,ｴｰﾀﾞﾌﾞﾘｭｰｴｽｷﾞﾝｺｳ,AWS銀行,316,316ｼﾃﾝ,316支店
2023-05-12,9999,ｴｰﾀﾞﾌﾞﾘｭｰｴｽｷﾞﾝｺｳ,AWS銀行,317,317ｼﾃﾝ,317支店
2023-05-12,9999,ｴｰﾀﾞﾌﾞﾘｭｰｴｽｷﾞﾝｺｳ,AWS銀行,318,318ｼﾃﾝ,318支店
2023-05-12,9999,ｴｰﾀﾞﾌﾞﾘｭｰｴｽｷﾞﾝｺｳ,AWS銀行,319,319ｼﾃﾝ,319支店
2023-05-12,9999,ｴｰﾀﾞﾌﾞﾘｭｰｴｽｷﾞﾝｺｳ,AWS銀行,320,320ｼﾃﾝ,320支店
2023-05-12,9999,ｴｰﾀﾞﾌﾞﾘｭｰｴｽｷﾞﾝｺｳ,AWS銀行,321,321ｼﾃﾝ,321支店
2023-05-12,9999,ｴｰﾀﾞﾌﾞﾘｭｰｴｽｷﾞﾝｺｳ,AWS銀行,322,322ｼﾃﾝ,322支店
2023-05-12,9999,ｴｰﾀﾞﾌﾞﾘｭｰｴｽｷﾞﾝｺｳ,AWS銀行,323,323ｼﾃﾝ,323支店
2023-05-12,9999,ｴｰﾀﾞﾌﾞﾘｭｰｴｽｷﾞﾝｺｳ,AWS銀行,324,324ｼﾃﾝ,324支店
2023-05-12,9999,ｴｰﾀﾞﾌﾞﾘｭｰｴｽｷﾞﾝｺｳ,AWS銀行,325,325ｼﾃﾝ,325支店
2023-05-12,9999,ｴｰﾀﾞﾌﾞﾘｭｰｴｽｷﾞﾝｺｳ,AWS銀行,326,326ｼﾃﾝ,326支店
2023-05-12,9999,ｴｰﾀﾞﾌﾞﾘｭｰｴｽｷﾞﾝｺｳ,AWS銀行,327,327ｼﾃﾝ,327支店
2023-05-12,9999,ｴｰﾀﾞﾌﾞﾘｭｰｴｽｷﾞﾝｺｳ,AWS銀行,328,328ｼﾃﾝ,328支店
2023-05-12,9999,ｴｰﾀﾞﾌﾞﾘｭｰｴｽｷﾞﾝｺｳ,AWS銀行,329,329ｼﾃﾝ,329支店
2023-05-12,9999,ｴｰﾀﾞﾌﾞﾘｭｰｴｽｷﾞﾝｺｳ,AWS銀行,330,330ｼﾃﾝ,330支店
2023-05-12,9999,ｴｰﾀﾞﾌﾞﾘｭｰｴｽｷﾞﾝｺｳ,AWS銀行,331,331ｼﾃﾝ,331支店
2023-05-12,9999,ｴｰﾀﾞﾌﾞﾘｭｰｴｽｷﾞﾝｺｳ,AWS銀行,332,332ｼﾃﾝ,332支店
2023-05-12,9999,ｴｰﾀﾞﾌﾞﾘｭｰｴｽｷﾞﾝｺｳ,AWS銀行,333,333ｼﾃﾝ,333支店
2023-05-12,9999,ｴｰﾀﾞﾌﾞﾘｭｰｴｽｷﾞﾝｺｳ,AWS銀行,334,334ｼﾃﾝ,334支店
2023-05-12,9999,ｴｰﾀﾞﾌﾞﾘｭｰｴｽｷﾞﾝｺｳ,AWS銀行,335,335ｼﾃﾝ,335支店
2023-05-12,9999,ｴｰﾀﾞﾌﾞﾘｭｰｴｽｷﾞﾝｺｳ,AWS銀行,336,336ｼﾃﾝ,336支店
2023-05-12,9999,ｴｰﾀﾞﾌﾞﾘｭｰｴｽｷﾞﾝｺｳ,AWS銀行,337,337ｼﾃﾝ,337支店
2023-05-12,9999,ｴｰﾀﾞﾌﾞﾘｭｰｴｽｷﾞﾝｺｳ,AWS銀行,338,338ｼﾃﾝ,338支店
2023-05-12,9999,ｴｰﾀﾞﾌﾞﾘｭｰｴｽｷﾞﾝｺｳ,AWS銀行,339,339ｼﾃﾝ,339支店
2023-05-12,9999,ｴｰﾀﾞﾌﾞﾘｭｰｴｽｷﾞﾝｺｳ,AWS銀行,340,340ｼﾃﾝ,340支店
2023-05-12,9999,ｴｰﾀﾞﾌﾞﾘｭｰｴｽｷﾞﾝｺｳ,AWS銀行,341,341ｼﾃﾝ,341支店
2023-05-12,9999,ｴｰﾀﾞﾌﾞﾘｭｰｴｽｷﾞﾝｺｳ,AWS銀行,342,342ｼﾃﾝ,342支店
2023-05-12,9999,ｴｰﾀﾞﾌﾞﾘｭｰｴｽｷﾞﾝｺｳ,AWS銀行,343,343ｼﾃﾝ,343支店
2023-05-12,9999,ｴｰﾀﾞﾌﾞﾘｭｰｴｽｷﾞﾝｺｳ,AWS銀行,344,344ｼﾃﾝ,344支店
2023-05-12,9999,ｴｰﾀﾞﾌﾞﾘｭｰｴｽｷﾞﾝｺｳ,AWS銀行,345,345ｼﾃﾝ,345支店
2023-05-12,9999,ｴｰﾀﾞﾌﾞﾘｭｰｴｽｷﾞﾝｺｳ,AWS銀行,346,346ｼﾃﾝ,346支店
2023-05-12,9999,ｴｰﾀﾞﾌﾞﾘｭｰｴｽｷﾞﾝｺｳ,AWS銀行,347,347ｼﾃﾝ,347支店
2023-05-12,9999,ｴｰﾀﾞﾌﾞﾘｭｰｴｽｷﾞﾝｺｳ,AWS銀行,348,348ｼﾃﾝ,348支店
2023-05-12,9999,ｴｰﾀﾞﾌﾞﾘｭｰｴｽｷﾞﾝｺｳ,AWS銀行,349,349ｼﾃﾝ,349支店
2023-05-12,9999,ｴｰﾀﾞﾌﾞﾘｭｰｴｽｷﾞﾝｺｳ,AWS銀行,350,350ｼﾃﾝ,350支店
2023-05-12,9999,ｴｰﾀﾞﾌﾞﾘｭｰｴｽｷﾞﾝｺｳ,AWS銀行,351,351ｼﾃﾝ,351支店
2023-05-12,9999,ｴｰﾀﾞﾌﾞﾘｭｰｴｽｷﾞﾝｺｳ,AWS銀行,352,352ｼﾃﾝ,352支店
2023-05-12,9999,ｴｰﾀﾞﾌﾞﾘｭｰｴｽｷﾞﾝｺｳ,AWS銀行,353,353ｼﾃﾝ,353支店
2023-05-12,9999,ｴｰﾀﾞﾌﾞﾘｭｰｴｽｷﾞﾝｺｳ,AWS銀行,354,354ｼﾃﾝ,354支店
2023-05-12,9999,ｴｰﾀﾞﾌﾞﾘｭｰｴｽｷﾞﾝｺｳ,AWS銀行,355,355ｼﾃﾝ,355支店
2023-05-12,9999,ｴｰﾀﾞﾌﾞﾘｭｰｴｽｷﾞﾝｺｳ,AWS銀行,356,356ｼﾃﾝ,356支店
2023-05-12,9999,ｴｰﾀﾞﾌﾞﾘｭｰｴｽｷﾞﾝｺｳ,AWS銀行,357,357ｼﾃﾝ,357支店
2023-05-12,9999,ｴｰﾀﾞﾌﾞﾘｭｰｴｽｷﾞﾝｺｳ,AWS銀行,358,358ｼﾃﾝ,358支店
2023-05-12,9999,ｴｰﾀﾞﾌﾞﾘｭｰｴｽｷﾞﾝｺｳ,AWS銀行,359,359ｼﾃﾝ,359支店
2023-05-12,9999,ｴｰﾀﾞﾌﾞﾘｭｰｴｽｷﾞﾝｺｳ,AWS銀行,360,360ｼﾃﾝ,360支店
2023-05-12,9999,ｴｰﾀﾞﾌﾞﾘｭｰｴｽｷﾞﾝｺｳ,AWS銀行,361,361ｼﾃﾝ,361支店
2023-05-12,9999,ｴｰﾀﾞﾌﾞﾘｭｰｴｽｷﾞﾝｺｳ,AWS銀行,362,362ｼﾃﾝ,362支店
2023-05-12,9999,ｴｰﾀﾞﾌﾞﾘｭｰｴｽｷﾞﾝｺｳ,AWS銀行,363,363ｼﾃﾝ,363支店
2023-05-12,9999,ｴｰﾀﾞﾌﾞﾘｭｰｴｽｷﾞﾝｺｳ,AWS銀行,364,364ｼﾃﾝ,364支店
2023-05-12,9999,ｴｰﾀﾞﾌﾞﾘｭｰｴｽｷﾞﾝｺｳ,AWS銀行,365,365ｼﾃﾝ,365支店
2023-05-12,9999,ｴｰﾀﾞﾌﾞﾘｭｰｴｽｷﾞﾝｺｳ,AWS銀行,366,366ｼﾃﾝ,366支店
2023-05-12,9999,ｴｰﾀﾞﾌﾞﾘｭｰｴｽｷﾞﾝｺｳ,AWS銀行,367,367ｼﾃﾝ,367支店
2023-05-12,9999,ｴｰﾀﾞﾌﾞﾘｭｰｴｽｷﾞﾝｺｳ,AWS銀行,368,368ｼﾃﾝ,368支店
2023-05-12,9999,ｴｰﾀﾞﾌﾞﾘｭｰｴｽｷﾞﾝｺｳ,AWS銀行,369,369ｼﾃﾝ,369支店
2023-05-12,9999,ｴｰﾀﾞﾌﾞﾘｭｰｴｽｷﾞﾝｺｳ,AWS銀行,370,370ｼﾃﾝ,370支店
2023-05-12,9999,ｴｰﾀﾞﾌﾞﾘｭｰｴｽｷﾞﾝｺｳ,AWS銀行,371,371ｼﾃﾝ,371支店
2023-05-12,9999,ｴｰﾀﾞﾌﾞﾘｭｰｴｽｷﾞﾝｺｳ,AWS銀行,372,372ｼﾃﾝ,372支店
2023-05-12,9999,ｴｰﾀﾞﾌﾞﾘｭｰｴｽｷﾞﾝｺｳ,AWS銀行,373,373ｼﾃﾝ,373支店
2023-05-12,9999,ｴｰﾀﾞﾌﾞﾘｭｰｴｽｷﾞﾝｺｳ,AWS銀行,374,374ｼﾃﾝ,374支店
2023-05-12,9999,ｴｰﾀﾞﾌﾞﾘｭｰｴｽｷﾞﾝｺｳ,AWS銀行,375,375ｼﾃﾝ,375支店
2023-05-12,9999,ｴｰﾀﾞﾌﾞﾘｭｰｴｽｷﾞﾝｺｳ,AWS銀行,376,376ｼﾃﾝ,376支店
2023-05-12,9999,ｴｰﾀﾞﾌﾞﾘｭｰｴｽｷﾞﾝｺｳ,AWS銀行,377,377ｼﾃﾝ,377支店
2023-05-12,9999,ｴｰﾀﾞﾌﾞﾘｭｰｴｽｷﾞﾝｺｳ,AWS銀行,378,378ｼﾃﾝ,378支店
2023-05-12,9999,ｴｰﾀﾞﾌﾞﾘｭｰｴｽｷﾞﾝｺｳ,AWS銀行,379,379ｼﾃﾝ,379支店
2023-05-12,9999,ｴｰﾀﾞﾌﾞﾘｭｰｴｽｷﾞﾝｺｳ,AWS銀行,380,380ｼﾃﾝ,380支店
2023-05-12,9999,ｴｰﾀﾞﾌﾞﾘｭｰｴｽｷﾞﾝｺｳ,AWS銀行,381,381ｼﾃﾝ,381支店
2023-05-12,9999,ｴｰﾀﾞﾌﾞﾘｭｰｴｽｷﾞﾝｺｳ,AWS銀行,382,382ｼﾃﾝ,382支店
2023-05-12,9999,ｴｰﾀﾞﾌﾞﾘｭｰｴｽｷﾞﾝｺｳ,AWS銀行,383,383ｼﾃﾝ,383支店
2023-05-12,9999,ｴｰﾀﾞﾌﾞﾘｭｰｴｽｷﾞﾝｺｳ,AWS銀行,384,384ｼﾃﾝ,384支店
2023-05-12,9999,ｴｰﾀﾞﾌﾞﾘｭｰｴｽｷﾞﾝｺｳ,AWS銀行,385,385ｼﾃﾝ,385支店
2023-05-12,9999,ｴｰﾀﾞﾌﾞﾘｭｰｴｽｷﾞﾝｺｳ,AWS銀行,386,386ｼﾃﾝ,386支店
2023-05-12,9999,ｴｰﾀﾞﾌﾞﾘｭｰｴｽｷﾞﾝｺｳ,AWS銀行,387,387ｼﾃﾝ,387支店
2023-05-12,9999,ｴｰﾀﾞﾌﾞﾘｭｰｴｽｷﾞﾝｺｳ,AWS銀行,388,388ｼﾃﾝ,388支店
2023-05-12,9999,ｴｰﾀﾞﾌﾞﾘｭｰｴｽｷﾞﾝｺｳ,AWS銀行,389,389ｼﾃﾝ,389支店
2023-05-12,9999,ｴｰﾀﾞﾌﾞﾘｭｰｴｽｷﾞﾝｺｳ,AWS銀行,390,390ｼﾃﾝ,390支店
2023-05-12,9999,ｴｰﾀﾞﾌﾞﾘｭｰｴｽｷﾞﾝｺｳ,AWS銀行,391,391ｼﾃﾝ,391支店
2023-05-12,9999,ｴｰﾀﾞﾌﾞﾘｭｰｴｽｷﾞﾝｺｳ,AWS銀行,392,392ｼﾃﾝ,392支店
2023-05-12,9999,ｴｰﾀﾞﾌﾞﾘｭｰｴｽｷﾞﾝｺｳ,AWS銀行,393,393ｼﾃﾝ,393支店
2023-05-12,9999,ｴｰﾀﾞﾌﾞﾘｭｰｴｽｷﾞﾝｺｳ,AWS銀行,394,394ｼﾃﾝ,394支店
2023-05-12,9999,ｴｰﾀﾞﾌﾞﾘｭｰｴｽｷﾞﾝｺｳ,AWS銀行,395,395ｼﾃﾝ,395支店
2023-05-12,9999,ｴｰﾀﾞﾌﾞﾘｭｰｴｽｷﾞﾝｺｳ,AWS銀行,396,396ｼﾃﾝ,396支店
2023-05-12,9999,ｴｰﾀﾞﾌﾞﾘｭｰｴｽｷﾞﾝｺｳ,AWS銀行,397,397ｼﾃﾝ,397支店
2023-05-12,9999,ｴｰﾀﾞﾌﾞﾘｭｰｴｽｷﾞﾝｺｳ,AWS銀行,398,398ｼﾃﾝ,398支店
2023-05-12,9999,ｴｰﾀﾞﾌﾞﾘｭｰｴｽｷﾞﾝｺｳ,AWS銀行,399,399ｼﾃﾝ,399支店
2023-05-12,9999,ｴｰﾀﾞﾌﾞﾘｭｰｴｽｷﾞﾝｺｳ,AWS銀行,400,400ｼﾃﾝ,400支店
2023-05-12,9999,ｴｰﾀﾞﾌﾞﾘｭｰｴｽｷﾞﾝｺｳ,AWS銀行,401,401ｼﾃﾝ,401支店
2023-05-12,9999,ｴｰﾀﾞﾌﾞﾘｭｰｴｽｷﾞﾝｺｳ,AWS銀行,402,402ｼﾃﾝ,402支店
2023-05-12,9999,ｴｰﾀﾞﾌﾞﾘｭｰｴｽｷﾞﾝｺｳ,AWS銀行,403,403ｼﾃﾝ,403支店
2023-05-12,9999,ｴｰﾀﾞﾌﾞﾘｭｰｴｽｷﾞﾝｺｳ,AWS銀行,404,404ｼﾃﾝ,404支店
2023-05-12,9999,ｴｰﾀﾞﾌﾞﾘｭｰｴｽｷﾞﾝｺｳ,AWS銀行,405,405ｼﾃﾝ,405支店
2023-05-12,9999,ｴｰﾀﾞﾌﾞﾘｭｰｴｽｷﾞﾝｺｳ,AWS銀行,406,406ｼﾃﾝ,406支店
2023-05-12,9999,ｴｰﾀﾞﾌﾞﾘｭｰｴｽｷﾞﾝｺｳ,AWS銀行,407,407ｼﾃﾝ,407支店
2023-05-12,9999,ｴｰﾀﾞﾌﾞﾘｭｰｴｽｷﾞﾝｺｳ,AWS銀行,408,408ｼﾃﾝ,408支店
2023-05-12,9999,ｴｰﾀﾞﾌﾞﾘｭｰｴｽｷﾞﾝｺｳ,AWS銀行,409,409ｼﾃﾝ,409支店
2023-05-12,9999,ｴｰﾀﾞﾌﾞﾘｭｰｴｽｷﾞﾝｺｳ,AWS銀行,410,410ｼﾃﾝ,410支店
2023-05-12,9999,ｴｰﾀﾞﾌﾞﾘｭｰｴｽｷﾞﾝｺｳ,AWS銀行,411,411ｼﾃﾝ,411支店
2023-05-12,9999,ｴｰﾀﾞﾌﾞﾘｭｰｴｽｷﾞﾝｺｳ,AWS銀行,412,412ｼﾃﾝ,412支店
2023-05-12,9999,ｴｰﾀﾞﾌﾞﾘｭｰｴｽｷﾞﾝｺｳ,AWS銀行,413,413ｼﾃﾝ,413支店
2023-05-12,9999,ｴｰﾀﾞﾌﾞﾘｭｰｴｽｷﾞﾝｺｳ,AWS銀行,414,414ｼﾃﾝ,414支店
2023-05-12,9999,ｴｰﾀﾞﾌﾞﾘｭｰｴｽｷﾞﾝｺｳ,AWS銀行,415,415ｼﾃﾝ,415支店
2023-05-12,9999,ｴｰﾀﾞﾌﾞﾘｭｰｴｽｷﾞﾝｺｳ,AWS銀行,416,416ｼﾃﾝ,416支店
2023-05-12,9999,ｴｰﾀﾞﾌﾞﾘｭｰｴｽｷﾞﾝｺｳ,AWS銀行,417,417ｼﾃﾝ,417支店
2023-05-12,9999,ｴｰﾀﾞﾌﾞﾘｭｰｴｽｷﾞﾝｺｳ,AWS銀行,418,418ｼﾃﾝ,418支店
2023-05-12,9999,ｴｰﾀﾞﾌﾞﾘｭｰｴｽｷﾞﾝｺｳ,AWS銀行,419,419ｼﾃﾝ,419支店
2023-05-12,9999,ｴｰﾀﾞﾌﾞﾘｭｰｴｽｷﾞﾝｺｳ,AWS銀行,420,420ｼﾃﾝ,420支店
2023-05-12,9999,ｴｰﾀﾞﾌﾞﾘｭｰｴｽｷﾞﾝｺｳ,AWS銀行,421,421ｼﾃﾝ,421支店
2023-05-12,9999,ｴｰﾀﾞﾌﾞﾘｭｰｴｽｷﾞﾝｺｳ,AWS銀行,422,422ｼﾃﾝ,422支店
2023-05-12,9999,ｴｰﾀﾞﾌﾞﾘｭｰｴｽｷﾞﾝｺｳ,AWS銀行,423,423ｼﾃﾝ,423支店
2023-05-12,9999,ｴｰﾀﾞﾌﾞﾘｭｰｴｽｷﾞﾝｺｳ,AWS銀行,424,424ｼﾃﾝ,424支店
2023-05-12,9999,ｴｰﾀﾞﾌﾞﾘｭｰｴｽｷﾞﾝｺｳ,AWS銀行,425,425ｼﾃﾝ,425支店
2023-05-12,9999,ｴｰﾀﾞﾌﾞﾘｭｰｴｽｷﾞﾝｺｳ,AWS銀行,426,426ｼﾃﾝ,426支店
2023-05-12,9999,ｴｰﾀﾞﾌﾞﾘｭｰｴｽｷﾞﾝｺｳ,AWS銀行,427,427ｼﾃﾝ,427支店
2023-05-12,9999,ｴｰﾀﾞﾌﾞﾘｭｰｴｽｷﾞﾝｺｳ,AWS銀行,428,428ｼﾃﾝ,428支店
2023-05-12,9999,ｴｰﾀﾞﾌﾞﾘｭｰｴｽｷﾞﾝｺｳ,AWS銀行,429,429ｼﾃﾝ,429支店
2023-05-12,9999,ｴｰﾀﾞﾌﾞﾘｭｰｴｽｷﾞﾝｺｳ,AWS銀行,430,430ｼﾃﾝ,430支店
2023-05-12,9999,ｴｰﾀﾞﾌﾞﾘｭｰｴｽｷﾞﾝｺｳ,AWS銀行,431,431ｼﾃﾝ,431支店
2023-05-12,9999,ｴｰﾀﾞﾌﾞﾘｭｰｴｽｷﾞﾝｺｳ,AWS銀行,432,432ｼﾃﾝ,432支店
2023-05-12,9999,ｴｰﾀﾞﾌﾞﾘｭｰｴｽｷﾞﾝｺｳ,AWS銀行,433,433ｼﾃﾝ,433支店
2023-05-12,9999,ｴｰﾀﾞﾌﾞﾘｭｰｴｽｷﾞﾝｺｳ,AWS銀行,434,434ｼﾃﾝ,434支店
2023-05-12,9999,ｴｰﾀﾞﾌﾞﾘｭｰｴｽｷﾞﾝｺｳ,AWS銀行,435,435ｼﾃﾝ,435支店
2023-05-12,9999,ｴｰﾀﾞﾌﾞﾘｭｰｴｽｷﾞﾝｺｳ,AWS銀行,436,436ｼﾃﾝ,436支店
2023-05-12,9999,ｴｰﾀﾞﾌﾞﾘｭｰｴｽｷﾞﾝｺｳ,AWS銀行,437,437ｼﾃﾝ,437支店
2023-05-12,9999,ｴｰﾀﾞﾌﾞﾘｭｰｴｽｷﾞﾝｺｳ,AWS銀行,438,438ｼﾃﾝ,438支店
2023-05-12,9999,ｴｰﾀﾞﾌﾞﾘｭｰｴｽｷﾞﾝｺｳ,AWS銀行,439,439ｼﾃﾝ,439支店
2023-05-12,9999,ｴｰﾀﾞﾌﾞﾘｭｰｴｽｷﾞﾝｺｳ,AWS銀行,440,440ｼﾃﾝ,440支店
2023-05-12,9999,ｴｰﾀﾞﾌﾞﾘｭｰｴｽｷﾞﾝｺｳ,AWS銀行,441,441ｼﾃﾝ,441支店
2023-05-12,9999,ｴｰﾀﾞﾌﾞﾘｭｰｴｽｷﾞﾝｺｳ,AWS銀行,442,442ｼﾃﾝ,442支店
2023-05-12,9999,ｴｰﾀﾞﾌﾞﾘｭｰｴｽｷﾞﾝｺｳ,AWS銀行,443,443ｼﾃﾝ,443支店
2023-05-12,9999,ｴｰﾀﾞﾌﾞﾘｭｰｴｽｷﾞﾝｺｳ,AWS銀行,444,444ｼﾃﾝ,444支店
2023-05-12,9999,ｴｰﾀﾞﾌﾞﾘｭｰｴｽｷﾞﾝｺｳ,AWS銀行,445,445ｼﾃﾝ,445支店
2023-05-12,9999,ｴｰﾀﾞﾌﾞﾘｭｰｴｽｷﾞﾝｺｳ,AWS銀行,446,446ｼﾃﾝ,446支店
2023-05-12,9999,ｴｰﾀﾞﾌﾞﾘｭｰｴｽｷﾞﾝｺｳ,AWS銀行,447,447ｼﾃﾝ,447支店
2023-05-12,9999,ｴｰﾀﾞﾌﾞﾘｭｰｴｽｷﾞﾝｺｳ,AWS銀行,448,448ｼﾃﾝ,448支店
2023-05-12,9999,ｴｰﾀﾞﾌﾞﾘｭｰｴｽｷﾞﾝｺｳ,AWS銀行,449,449ｼﾃﾝ,449支店
2023-05-12,9999,ｴｰﾀﾞﾌﾞﾘｭｰｴｽｷﾞﾝｺｳ,AWS銀行,450,450ｼﾃﾝ,450支店
2023-05-12,9999,ｴｰﾀﾞﾌﾞﾘｭｰｴｽｷﾞﾝｺｳ,AWS銀行,451,451ｼﾃﾝ,451支店
2023-05-12,9999,ｴｰﾀﾞﾌﾞﾘｭｰｴｽｷﾞﾝｺｳ,AWS銀行,452,452ｼﾃﾝ,452支店
2023-05-12,9999,ｴｰﾀﾞﾌﾞﾘｭｰｴｽｷﾞﾝｺｳ,AWS銀行,453,453ｼﾃﾝ,453支店
2023-05-12,9999,ｴｰﾀﾞﾌﾞﾘｭｰｴｽｷﾞﾝｺｳ,AWS銀行,454,454ｼﾃﾝ,454支店
2023-05-12,9999,ｴｰﾀﾞﾌﾞﾘｭｰｴｽｷﾞﾝｺｳ,AWS銀行,455,455ｼﾃﾝ,455支店
2023-05-12,9999,ｴｰﾀﾞﾌﾞﾘｭｰｴｽｷﾞﾝｺｳ,AWS銀行,456,456ｼﾃﾝ,456支店
2023-05-12,9999,ｴｰﾀﾞﾌﾞﾘｭｰｴｽｷﾞﾝｺｳ,AWS銀行,457,457ｼﾃﾝ,457支店
2023-05-12,9999,ｴｰﾀﾞﾌﾞﾘｭｰｴｽｷﾞﾝｺｳ,AWS銀行,458,458ｼﾃﾝ,458支店
2023-05-12,9999,ｴｰﾀﾞﾌﾞﾘｭｰｴｽｷﾞﾝｺｳ,AWS銀行,459,459ｼﾃﾝ,459支店
2023-05-12,9999,ｴｰﾀﾞﾌﾞﾘｭｰｴｽｷﾞﾝｺｳ,AWS銀行,460,460ｼﾃﾝ,460支店
2023-05-12,9999,ｴｰﾀﾞﾌﾞﾘｭｰｴｽｷﾞﾝｺｳ,AWS銀行,461,461ｼﾃﾝ,461支店
2023-05-12,9999,ｴｰﾀﾞﾌﾞﾘｭｰｴｽｷﾞﾝｺｳ,AWS銀行,462,462ｼﾃﾝ,462支店
2023-05-12,9999,ｴｰﾀﾞﾌﾞﾘｭｰｴｽｷﾞﾝｺｳ,AWS銀行,463,463ｼﾃﾝ,463支店
2023-05-12,9999,ｴｰﾀﾞﾌﾞﾘｭｰｴｽｷﾞﾝｺｳ,AWS銀行,464,464ｼﾃﾝ,464支店
2023-05-12,9999,ｴｰﾀﾞﾌﾞﾘｭｰｴｽｷﾞﾝｺｳ,AWS銀行,465,465ｼﾃﾝ,465支店
2023-05-12,9999,ｴｰﾀﾞﾌﾞﾘｭｰｴｽｷﾞﾝｺｳ,AWS銀行,466,466ｼﾃﾝ,466支店
2023-05-12,9999,ｴｰﾀﾞﾌﾞﾘｭｰｴｽｷﾞﾝｺｳ,AWS銀行,467,467ｼﾃﾝ,467支店
2023-05-12,9999,ｴｰﾀﾞﾌﾞﾘｭｰｴｽｷﾞﾝｺｳ,AWS銀行,468,468ｼﾃﾝ,468支店
2023-05-12,9999,ｴｰﾀﾞﾌﾞﾘｭｰｴｽｷﾞﾝｺｳ,AWS銀行,469,469ｼﾃﾝ,469支店
2023-05-12,9999,ｴｰﾀﾞﾌﾞﾘｭｰｴｽｷﾞﾝｺｳ,AWS銀行,470,470ｼﾃﾝ,470支店
2023-05-12,9999,ｴｰﾀﾞﾌﾞﾘｭｰｴｽｷﾞﾝｺｳ,AWS銀行,471,471ｼﾃﾝ,471支店
2023-05-12,9999,ｴｰﾀﾞﾌﾞﾘｭｰｴｽｷﾞﾝｺｳ,AWS銀行,472,472ｼﾃﾝ,472支店
2023-05-12,9999,ｴｰﾀﾞﾌﾞﾘｭｰｴｽｷﾞﾝｺｳ,AWS銀行,473,473ｼﾃﾝ,473支店
2023-05-12,9999,ｴｰﾀﾞﾌﾞﾘｭｰｴｽｷﾞﾝｺｳ,AWS銀行,474,474ｼﾃﾝ,474支店
2023-05-12,9999,ｴｰﾀﾞﾌﾞﾘｭｰｴｽｷﾞﾝｺｳ,AWS銀行,475,475ｼﾃﾝ,475支店
2023-05-12,9999,ｴｰﾀﾞﾌﾞﾘｭｰｴｽｷﾞﾝｺｳ,AWS銀行,476,476ｼﾃﾝ,476支店
2023-05-12,9999,ｴｰﾀﾞﾌﾞﾘｭｰｴｽｷﾞﾝｺｳ,AWS銀行,477,477ｼﾃﾝ,477支店
2023-05-12,9999,ｴｰﾀﾞﾌﾞﾘｭｰｴｽｷﾞﾝｺｳ,AWS銀行,478,478ｼﾃﾝ,478支店
2023-05-12,9999,ｴｰﾀﾞﾌﾞﾘｭｰｴｽｷﾞﾝｺｳ,AWS銀行,479,479ｼﾃﾝ,479支店
2023-05-12,9999,ｴｰﾀﾞﾌﾞﾘｭｰｴｽｷﾞﾝｺｳ,AWS銀行,480,480ｼﾃﾝ,480支店
2023-05-12,9999,ｴｰﾀﾞﾌﾞﾘｭｰｴｽｷﾞﾝｺｳ,AWS銀行,481,481ｼﾃﾝ,481支店
2023-05-12,9999,ｴｰﾀﾞﾌﾞﾘｭｰｴｽｷﾞﾝｺｳ,AWS銀行,482,482ｼﾃﾝ,482支店
2023-05-12,9999,ｴｰﾀﾞﾌﾞﾘｭｰｴｽｷﾞﾝｺｳ,AWS銀行,483,483ｼﾃﾝ,483支店
2023-05-12,9999,ｴｰﾀﾞﾌﾞﾘｭｰｴｽｷﾞﾝｺｳ,AWS銀行,484,484ｼﾃﾝ,484支店
2023-05-12,9999,ｴｰﾀﾞﾌﾞﾘｭｰｴｽｷﾞﾝｺｳ,AWS銀行,485,485ｼﾃﾝ,485支店
2023-05-12,9999,ｴｰﾀﾞﾌﾞﾘｭｰｴｽｷﾞﾝｺｳ,AWS銀行,486,486ｼﾃﾝ,486支店
2023-05-12,9999,ｴｰﾀﾞﾌﾞﾘｭｰｴｽｷﾞﾝｺｳ,AWS銀行,487,487ｼﾃﾝ,487支店
2023-05-12,9999,ｴｰﾀﾞﾌﾞﾘｭｰｴｽｷﾞﾝｺｳ,AWS銀行,488,488ｼﾃﾝ,488支店
2023-05-12,9999,ｴｰﾀﾞﾌﾞﾘｭｰｴｽｷﾞﾝｺｳ,AWS銀行,489,489ｼﾃﾝ,489支店
2023-05-12,9999,ｴｰﾀﾞﾌﾞﾘｭｰｴｽｷﾞﾝｺｳ,AWS銀行,490,490ｼﾃﾝ,490支店
2023-05-12,9999,ｴｰﾀﾞﾌﾞﾘｭｰｴｽｷﾞﾝｺｳ,AWS銀行,491,491ｼﾃﾝ,491支店
2023-05-12,9999,ｴｰﾀﾞﾌﾞﾘｭｰｴｽｷﾞﾝｺｳ,AWS銀行,492,492ｼﾃﾝ,492支店
2023-05-12,9999,ｴｰﾀﾞﾌﾞﾘｭｰｴｽｷﾞﾝｺｳ,AWS銀行,493,493ｼﾃﾝ,493支店
2023-05-12,9999,ｴｰﾀﾞﾌﾞﾘｭｰｴｽｷﾞﾝｺｳ,AWS銀行,494,494ｼﾃﾝ,494支店
2023-05-12,9999,ｴｰﾀﾞﾌﾞﾘｭｰｴｽｷﾞﾝｺｳ,AWS銀行,495,495ｼﾃﾝ,495支店
2023-05-12,9999,ｴｰﾀﾞﾌﾞﾘｭｰｴｽｷﾞﾝｺｳ,AWS銀行,496,496ｼﾃﾝ,496支店
2023-05-12,9999,ｴｰﾀﾞﾌﾞﾘｭｰｴｽｷﾞﾝｺｳ,AWS銀行,497,497ｼﾃﾝ,497支店
2023-05-12,9999,ｴｰﾀﾞﾌﾞﾘｭｰｴｽｷﾞﾝｺｳ,AWS銀行,498,498ｼﾃﾝ,498支店
2023-05-12,9999,ｴｰﾀﾞﾌﾞﾘｭｰｴｽｷﾞﾝｺｳ,AWS銀行,499,499ｼﾃﾝ,499支店
2023-05-12,9999,ｴｰﾀﾞﾌﾞﾘｭｰｴｽｷﾞﾝｺｳ,AWS銀行,500,500ｼﾃﾝ,500支店
2023-05-12,9999,ｴｰﾀﾞﾌﾞﾘｭｰｴｽｷﾞﾝｺｳ,AWS銀行,501,501ｼﾃﾝ,501支店
2023-05-12,9999,ｴｰﾀﾞﾌﾞﾘｭｰｴｽｷﾞﾝｺｳ,AWS銀行,502,502ｼﾃﾝ,502支店
2023-05-12,9999,ｴｰﾀﾞﾌﾞﾘｭｰｴｽｷﾞﾝｺｳ,AWS銀行,503,503ｼﾃﾝ,503支店
2023-05-12,9999,ｴｰﾀﾞﾌﾞﾘｭｰｴｽｷﾞﾝｺｳ,AWS銀行,504,504ｼﾃﾝ,504支店
2023-05-12,9999,ｴｰﾀﾞﾌﾞﾘｭｰｴｽｷﾞﾝｺｳ,AWS銀行,505,505ｼﾃﾝ,505支店
2023-05-12,9999,ｴｰﾀﾞﾌﾞﾘｭｰｴｽｷﾞﾝｺｳ,AWS銀行,506,506ｼﾃﾝ,506支店
2023-05-12,9999,ｴｰﾀﾞﾌﾞﾘｭｰｴｽｷﾞﾝｺｳ,AWS銀行,507,507ｼﾃﾝ,507支店
2023-05-12,9999,ｴｰﾀﾞﾌﾞﾘｭｰｴｽｷﾞﾝｺｳ,AWS銀行,508,508ｼﾃﾝ,508支店
2023-05-12,9999,ｴｰﾀﾞﾌﾞﾘｭｰｴｽｷﾞﾝｺｳ,AWS銀行,509,509ｼﾃﾝ,509支店
2023-05-12,9999,ｴｰﾀﾞﾌﾞﾘｭｰｴｽｷﾞﾝｺｳ,AWS銀行,510,510ｼﾃﾝ,510支店
2023-05-12,9999,ｴｰﾀﾞﾌﾞﾘｭｰｴｽｷﾞﾝｺｳ,AWS銀行,511,511ｼﾃﾝ,511支店
2023-05-12,9999,ｴｰﾀﾞﾌﾞﾘｭｰｴｽｷﾞﾝｺｳ,AWS銀行,512,512ｼﾃﾝ,512支店
2023-05-12,9999,ｴｰﾀﾞﾌﾞﾘｭｰｴｽｷﾞﾝｺｳ,AWS銀行,513,513ｼﾃﾝ,513支店
2023-05-12,9999,ｴｰﾀﾞﾌﾞﾘｭｰｴｽｷﾞﾝｺｳ,AWS銀行,514,514ｼﾃﾝ,514支店
2023-05-12,9999,ｴｰﾀﾞﾌﾞﾘｭｰｴｽｷﾞﾝｺｳ,AWS銀行,515,515ｼﾃﾝ,515支店
2023-05-12,9999,ｴｰﾀﾞﾌﾞﾘｭｰｴｽｷﾞﾝｺｳ,AWS銀行,516,516ｼﾃﾝ,516支店
2023-05-12,9999,ｴｰﾀﾞﾌﾞﾘｭｰｴｽｷﾞﾝｺｳ,AWS銀行,517,517ｼﾃﾝ,517支店
2023-05-12,9999,ｴｰﾀﾞﾌﾞﾘｭｰｴｽｷﾞﾝｺｳ,AWS銀行,518,518ｼﾃﾝ,518支店
2023-05-12,9999,ｴｰﾀﾞﾌﾞﾘｭｰｴｽｷﾞﾝｺｳ,AWS銀行,519,519ｼﾃﾝ,519支店
2023-05-12,9999,ｴｰﾀﾞﾌﾞﾘｭｰｴｽｷﾞﾝｺｳ,AWS銀行,520,520ｼﾃﾝ,520支店
2023-05-12,9999,ｴｰﾀﾞﾌﾞﾘｭｰｴｽｷﾞﾝｺｳ,AWS銀行,521,521ｼﾃﾝ,521支店
2023-05-12,9999,ｴｰﾀﾞﾌﾞﾘｭｰｴｽｷﾞﾝｺｳ,AWS銀行,522,522ｼﾃﾝ,522支店
2023-05-12,9999,ｴｰﾀﾞﾌﾞﾘｭｰｴｽｷﾞﾝｺｳ,AWS銀行,523,523ｼﾃﾝ,523支店
2023-05-12,9999,ｴｰﾀﾞﾌﾞﾘｭｰｴｽｷﾞﾝｺｳ,AWS銀行,524,524ｼﾃﾝ,524支店
2023-05-12,9999,ｴｰﾀﾞﾌﾞﾘｭｰｴｽｷﾞﾝｺｳ,AWS銀行,525,525ｼﾃﾝ,525支店
2023-05-12,9999,ｴｰﾀﾞﾌﾞﾘｭｰｴｽｷﾞﾝｺｳ,AWS銀行,526,526ｼﾃﾝ,526支店
2023-05-12,9999,ｴｰﾀﾞﾌﾞﾘｭｰｴｽｷﾞﾝｺｳ,AWS銀行,527,527ｼﾃﾝ,527支店
2023-05-12,9999,ｴｰﾀﾞﾌﾞﾘｭｰｴｽｷﾞﾝｺｳ,AWS銀行,528,528ｼﾃﾝ,528支店
2023-05-12,9999,ｴｰﾀﾞﾌﾞﾘｭｰｴｽｷﾞﾝｺｳ,AWS銀行,529,529ｼﾃﾝ,529支店
2023-05-12,9999,ｴｰﾀﾞﾌﾞﾘｭｰｴｽｷﾞﾝｺｳ,AWS銀行,530,530ｼﾃﾝ,530支店
2023-05-12,9999,ｴｰﾀﾞﾌﾞﾘｭｰｴｽｷﾞﾝｺｳ,AWS銀行,531,531ｼﾃﾝ,531支店
2023-05-12,9999,ｴｰﾀﾞﾌﾞﾘｭｰｴｽｷﾞﾝｺｳ,AWS銀行,532,532ｼﾃﾝ,532支店
2023-05-12,9999,ｴｰﾀﾞﾌﾞﾘｭｰｴｽｷﾞﾝｺｳ,AWS銀行,533,533ｼﾃﾝ,533支店
2023-05-12,9999,ｴｰﾀﾞﾌﾞﾘｭｰｴｽｷﾞﾝｺｳ,AWS銀行,534,534ｼﾃﾝ,534支店
2023-05-12,9999,ｴｰﾀﾞﾌﾞﾘｭｰｴｽｷﾞﾝｺｳ,AWS銀行,535,535ｼﾃﾝ,535支店
2023-05-12,9999,ｴｰﾀﾞﾌﾞﾘｭｰｴｽｷﾞﾝｺｳ,AWS銀行,536,536ｼﾃﾝ,536支店
2023-05-12,9999,ｴｰﾀﾞﾌﾞﾘｭｰｴｽｷﾞﾝｺｳ,AWS銀行,537,537ｼﾃﾝ,537支店
2023-05-12,9999,ｴｰﾀﾞﾌﾞﾘｭｰｴｽｷﾞﾝｺｳ,AWS銀行,538,538ｼﾃﾝ,538支店
2023-05-12,9999,ｴｰﾀﾞﾌﾞﾘｭｰｴｽｷﾞﾝｺｳ,AWS銀行,539,539ｼﾃﾝ,539支店
2023-05-12,9999,ｴｰﾀﾞﾌﾞﾘｭｰｴｽｷﾞﾝｺｳ,AWS銀行,540,540ｼﾃﾝ,540支店
2023-05-12,9999,ｴｰﾀﾞﾌﾞﾘｭｰｴｽｷﾞﾝｺｳ,AWS銀行,541,541ｼﾃﾝ,541支店
2023-05-12,9999,ｴｰﾀﾞﾌﾞﾘｭｰｴｽｷﾞﾝｺｳ,AWS銀行,542,542ｼﾃﾝ,542支店
2023-05-12,9999,ｴｰﾀﾞﾌﾞﾘｭｰｴｽｷﾞﾝｺｳ,AWS銀行,543,543ｼﾃﾝ,543支店
2023-05-12,9999,ｴｰﾀﾞﾌﾞﾘｭｰｴｽｷﾞﾝｺｳ,AWS銀行,544,544ｼﾃﾝ,544支店
2023-05-12,9999,ｴｰﾀﾞﾌﾞﾘｭｰｴｽｷﾞﾝｺｳ,AWS銀行,545,545ｼﾃﾝ,545支店
2023-05-12,9999,ｴｰﾀﾞﾌﾞﾘｭｰｴｽｷﾞﾝｺｳ,AWS銀行,546,546ｼﾃﾝ,546支店
2023-05-12,9999,ｴｰﾀﾞﾌﾞﾘｭｰｴｽｷﾞﾝｺｳ,AWS銀行,547,547ｼﾃﾝ,547支店
2023-05-12,9999,ｴｰﾀﾞﾌﾞﾘｭｰｴｽｷﾞﾝｺｳ,AWS銀行,548,548ｼﾃﾝ,548支店
2023-05-12,9999,ｴｰﾀﾞﾌﾞﾘｭｰｴｽｷﾞﾝｺｳ,AWS銀行,549,549ｼﾃﾝ,549支店
2023-05-12,9999,ｴｰﾀﾞﾌﾞﾘｭｰｴｽｷﾞﾝｺｳ,AWS銀行,550,550ｼﾃﾝ,550支店
2023-05-12,9999,ｴｰﾀﾞﾌﾞﾘｭｰｴｽｷﾞﾝｺｳ,AWS銀行,551,551ｼﾃﾝ,551支店
2023-05-12,9999,ｴｰﾀﾞﾌﾞﾘｭｰｴｽｷﾞﾝｺｳ,AWS銀行,552,552ｼﾃﾝ,552支店
2023-05-12,9999,ｴｰﾀﾞﾌﾞﾘｭｰｴｽｷﾞﾝｺｳ,AWS銀行,553,553ｼﾃﾝ,553支店
2023-05-12,9999,ｴｰﾀﾞﾌﾞﾘｭｰｴｽｷﾞﾝｺｳ,AWS銀行,554,554ｼﾃﾝ,554支店
2023-05-12,9999,ｴｰﾀﾞﾌﾞﾘｭｰｴｽｷﾞﾝｺｳ,AWS銀行,555,555ｼﾃﾝ,555支店
2023-05-12,9999,ｴｰﾀﾞﾌﾞﾘｭｰｴｽｷﾞﾝｺｳ,AWS銀行,556,556ｼﾃﾝ,556支店
2023-05-12,9999,ｴｰﾀﾞﾌﾞﾘｭｰｴｽｷﾞﾝｺｳ,AWS銀行,557,557ｼﾃﾝ,557支店
2023-05-12,9999,ｴｰﾀﾞﾌﾞﾘｭｰｴｽｷﾞﾝｺｳ,AWS銀行,558,558ｼﾃﾝ,558支店
2023-05-12,9999,ｴｰﾀﾞﾌﾞﾘｭｰｴｽｷﾞﾝｺｳ,AWS銀行,559,559ｼﾃﾝ,559支店
2023-05-12,9999,ｴｰﾀﾞﾌﾞﾘｭｰｴｽｷﾞﾝｺｳ,AWS銀行,560,560ｼﾃﾝ,560支店
2023-05-12,9999,ｴｰﾀﾞﾌﾞﾘｭｰｴｽｷﾞﾝｺｳ,AWS銀行,561,561ｼﾃﾝ,561支店
2023-05-12,9999,ｴｰﾀﾞﾌﾞﾘｭｰｴｽｷﾞﾝｺｳ,AWS銀行,562,562ｼﾃﾝ,562支店
2023-05-12,9999,ｴｰﾀﾞﾌﾞﾘｭｰｴｽｷﾞﾝｺｳ,AWS銀行,563,563ｼﾃﾝ,563支店
2023-05-12,9999,ｴｰﾀﾞﾌﾞﾘｭｰｴｽｷﾞﾝｺｳ,AWS銀行,564,564ｼﾃﾝ,564支店
2023-05-12,9999,ｴｰﾀﾞﾌﾞﾘｭｰｴｽｷﾞﾝｺｳ,AWS銀行,565,565ｼﾃﾝ,565支店
2023-05-12,9999,ｴｰﾀﾞﾌﾞﾘｭｰｴｽｷﾞﾝｺｳ,AWS銀行,566,566ｼﾃﾝ,566支店
2023-05-12,9999,ｴｰﾀﾞﾌﾞﾘｭｰｴｽｷﾞﾝｺｳ,AWS銀行,567,567ｼﾃﾝ,567支店
2023-05-12,9999,ｴｰﾀﾞﾌﾞﾘｭｰｴｽｷﾞﾝｺｳ,AWS銀行,568,568ｼﾃﾝ,568支店
2023-05-12,9999,ｴｰﾀﾞﾌﾞﾘｭｰｴｽｷﾞﾝｺｳ,AWS銀行,569,569ｼﾃﾝ,569支店
2023-05-12,9999,ｴｰﾀﾞﾌﾞﾘｭｰｴｽｷﾞﾝｺｳ,AWS銀行,570,570ｼﾃﾝ,570支店
2023-05-12,9999,ｴｰﾀﾞﾌﾞﾘｭｰｴｽｷﾞﾝｺｳ,AWS銀行,571,571ｼﾃﾝ,571支店
2023-05-12,9999,ｴｰﾀﾞﾌﾞﾘｭｰｴｽｷﾞﾝｺｳ,AWS銀行,572,572ｼﾃﾝ,572支店
2023-05-12,9999,ｴｰﾀﾞﾌﾞﾘｭｰｴｽｷﾞﾝｺｳ,AWS銀行,573,573ｼﾃﾝ,573支店
2023-05-12,9999,ｴｰﾀﾞﾌﾞﾘｭｰｴｽｷﾞﾝｺｳ,AWS銀行,574,574ｼﾃﾝ,574支店
2023-05-12,9999,ｴｰﾀﾞﾌﾞﾘｭｰｴｽｷﾞﾝｺｳ,AWS銀行,575,575ｼﾃﾝ,575支店
2023-05-12,9999,ｴｰﾀﾞﾌﾞﾘｭｰｴｽｷﾞﾝｺｳ,AWS銀行,576,576ｼﾃﾝ,576支店
2023-05-12,9999,ｴｰﾀﾞﾌﾞﾘｭｰｴｽｷﾞﾝｺｳ,AWS銀行,577,577ｼﾃﾝ,577支店
2023-05-12,9999,ｴｰﾀﾞﾌﾞﾘｭｰｴｽｷﾞﾝｺｳ,AWS銀行,578,578ｼﾃﾝ,578支店
2023-05-12,9999,ｴｰﾀﾞﾌﾞﾘｭｰｴｽｷﾞﾝｺｳ,AWS銀行,579,579ｼﾃﾝ,579支店
2023-05-12,9999,ｴｰﾀﾞﾌﾞﾘｭｰｴｽｷﾞﾝｺｳ,AWS銀行,580,580ｼﾃﾝ,580支店
2023-05-12,9999,ｴｰﾀﾞﾌﾞﾘｭｰｴｽｷﾞﾝｺｳ,AWS銀行,581,581ｼﾃﾝ,581支店
2023-05-12,9999,ｴｰﾀﾞﾌﾞﾘｭｰｴｽｷﾞﾝｺｳ,AWS銀行,582,582ｼﾃﾝ,582支店
2023-05-12,9999,ｴｰﾀﾞﾌﾞﾘｭｰｴｽｷﾞﾝｺｳ,AWS銀行,583,583ｼﾃﾝ,583支店
2023-05-12,9999,ｴｰﾀﾞﾌﾞﾘｭｰｴｽｷﾞﾝｺｳ,AWS銀行,584,584ｼﾃﾝ,584支店
2023-05-12,9999,ｴｰﾀﾞﾌﾞﾘｭｰｴｽｷﾞﾝｺｳ,AWS銀行,585,585ｼﾃﾝ,585支店
2023-05-12,9999,ｴｰﾀﾞﾌﾞﾘｭｰｴｽｷﾞﾝｺｳ,AWS銀行,586,586ｼﾃﾝ,586支店
2023-05-12,9999,ｴｰﾀﾞﾌﾞﾘｭｰｴｽｷﾞﾝｺｳ,AWS銀行,587,587ｼﾃﾝ,587支店
2023-05-12,9999,ｴｰﾀﾞﾌﾞﾘｭｰｴｽｷﾞﾝｺｳ,AWS銀行,588,588ｼﾃﾝ,588支店
2023-05-12,9999,ｴｰﾀﾞﾌﾞﾘｭｰｴｽｷﾞﾝｺｳ,AWS銀行,589,589ｼﾃﾝ,589支店
2023-05-12,9999,ｴｰﾀﾞﾌﾞﾘｭｰｴｽｷﾞﾝｺｳ,AWS銀行,590,590ｼﾃﾝ,590支店
2023-05-12,9999,ｴｰﾀﾞﾌﾞﾘｭｰｴｽｷﾞﾝｺｳ,AWS銀行,591,591ｼﾃﾝ,591支店
2023-05-12,9999,ｴｰﾀﾞﾌﾞﾘｭｰｴｽｷﾞﾝｺｳ,AWS銀行,592,592ｼﾃﾝ,592支店
2023-05-12,9999,ｴｰﾀﾞﾌﾞﾘｭｰｴｽｷﾞﾝｺｳ,AWS銀行,593,593ｼﾃﾝ,593支店
2023-05-12,9999,ｴｰﾀﾞﾌﾞﾘｭｰｴｽｷﾞﾝｺｳ,AWS銀行,594,594ｼﾃﾝ,594支店
2023-05-12,9999,ｴｰﾀﾞﾌﾞﾘｭｰｴｽｷﾞﾝｺｳ,AWS銀行,595,595ｼﾃﾝ,595支店
2023-05-12,9999,ｴｰﾀﾞﾌﾞﾘｭｰｴｽｷﾞﾝｺｳ,AWS銀行,596,596ｼﾃﾝ,596支店
2023-05-12,9999,ｴｰﾀﾞﾌﾞﾘｭｰｴｽｷﾞﾝｺｳ,AWS銀行,597,597ｼﾃﾝ,597支店
2023-05-12,9999,ｴｰﾀﾞﾌﾞﾘｭｰｴｽｷﾞﾝｺｳ,AWS銀行,598,598ｼﾃﾝ,598支店
2023-05-12,9999,ｴｰﾀﾞﾌﾞﾘｭｰｴｽｷﾞﾝｺｳ,AWS銀行,599,599ｼﾃﾝ,599支店
2023-05-12,9999,ｴｰﾀﾞﾌﾞﾘｭｰｴｽｷﾞﾝｺｳ,AWS銀行,600,600ｼﾃﾝ,600支店
2023-05-12,9999,ｴｰﾀﾞﾌﾞﾘｭｰｴｽｷﾞﾝｺｳ,AWS銀行,601,601ｼﾃﾝ,601支店
2023-05-12,9999,ｴｰﾀﾞﾌﾞﾘｭｰｴｽｷﾞﾝｺｳ,AWS銀行,602,602ｼﾃﾝ,602支店
2023-05-12,9999,ｴｰﾀﾞﾌﾞﾘｭｰｴｽｷﾞﾝｺｳ,AWS銀行,603,603ｼﾃﾝ,603支店
2023-05-12,9999,ｴｰﾀﾞﾌﾞﾘｭｰｴｽｷﾞﾝｺｳ,AWS銀行,604,604ｼﾃﾝ,604支店
2023-05-12,9999,ｴｰﾀﾞﾌﾞﾘｭｰｴｽｷﾞﾝｺｳ,AWS銀行,605,605ｼﾃﾝ,605支店
2023-05-12,9999,ｴｰﾀﾞﾌﾞﾘｭｰｴｽｷﾞﾝｺｳ,AWS銀行,606,606ｼﾃﾝ,606支店
2023-05-12,9999,ｴｰﾀﾞﾌﾞﾘｭｰｴｽｷﾞﾝｺｳ,AWS銀行,607,607ｼﾃﾝ,607支店
2023-05-12,9999,ｴｰﾀﾞﾌﾞﾘｭｰｴｽｷﾞﾝｺｳ,AWS銀行,608,608ｼﾃﾝ,608支店
2023-05-12,9999,ｴｰﾀﾞﾌﾞﾘｭｰｴｽｷﾞﾝｺｳ,AWS銀行,609,609ｼﾃﾝ,609支店
2023-05-12,9999,ｴｰﾀﾞﾌﾞﾘｭｰｴｽｷﾞﾝｺｳ,AWS銀行,610,610ｼﾃﾝ,610支店
2023-05-12,9999,ｴｰﾀﾞﾌﾞﾘｭｰｴｽｷﾞﾝｺｳ,AWS銀行,611,611ｼﾃﾝ,611支店
2023-05-12,9999,ｴｰﾀﾞﾌﾞﾘｭｰｴｽｷﾞﾝｺｳ,AWS銀行,612,612ｼﾃﾝ,612支店
2023-05-12,9999,ｴｰﾀﾞﾌﾞﾘｭｰｴｽｷﾞﾝｺｳ,AWS銀行,613,613ｼﾃﾝ,613支店
2023-05-12,9999,ｴｰﾀﾞﾌﾞﾘｭｰｴｽｷﾞﾝｺｳ,AWS銀行,614,614ｼﾃﾝ,614支店
2023-05-12,9999,ｴｰﾀﾞﾌﾞﾘｭｰｴｽｷﾞﾝｺｳ,AWS銀行,615,615ｼﾃﾝ,615支店
2023-05-12,9999,ｴｰﾀﾞﾌﾞﾘｭｰｴｽｷﾞﾝｺｳ,AWS銀行,616,616ｼﾃﾝ,616支店
2023-05-12,9999,ｴｰﾀﾞﾌﾞﾘｭｰｴｽｷﾞﾝｺｳ,AWS銀行,617,617ｼﾃﾝ,617支店
2023-05-12,9999,ｴｰﾀﾞﾌﾞﾘｭｰｴｽｷﾞﾝｺｳ,AWS銀行,618,618ｼﾃﾝ,618支店
2023-05-12,9999,ｴｰﾀﾞﾌﾞﾘｭｰｴｽｷﾞﾝｺｳ,AWS銀行,619,619ｼﾃﾝ,619支店
2023-05-12,9999,ｴｰﾀﾞﾌﾞﾘｭｰｴｽｷﾞﾝｺｳ,AWS銀行,620,620ｼﾃﾝ,620支店
2023-05-12,9999,ｴｰﾀﾞﾌﾞﾘｭｰｴｽｷﾞﾝｺｳ,AWS銀行,621,621ｼﾃﾝ,621支店
2023-05-12,9999,ｴｰﾀﾞﾌﾞﾘｭｰｴｽｷﾞﾝｺｳ,AWS銀行,622,622ｼﾃﾝ,622支店
2023-05-12,9999,ｴｰﾀﾞﾌﾞﾘｭｰｴｽｷﾞﾝｺｳ,AWS銀行,623,623ｼﾃﾝ,623支店
2023-05-12,9999,ｴｰﾀﾞﾌﾞﾘｭｰｴｽｷﾞﾝｺｳ,AWS銀行,624,624ｼﾃﾝ,624支店
2023-05-12,9999,ｴｰﾀﾞﾌﾞﾘｭｰｴｽｷﾞﾝｺｳ,AWS銀行,625,625ｼﾃﾝ,625支店
2023-05-12,9999,ｴｰﾀﾞﾌﾞﾘｭｰｴｽｷﾞﾝｺｳ,AWS銀行,626,626ｼﾃﾝ,626支店
2023-05-12,9999,ｴｰﾀﾞﾌﾞﾘｭｰｴｽｷﾞﾝｺｳ,AWS銀行,627,627ｼﾃﾝ,627支店
2023-05-12,9999,ｴｰﾀﾞﾌﾞﾘｭｰｴｽｷﾞﾝｺｳ,AWS銀行,628,628ｼﾃﾝ,628支店
2023-05-12,9999,ｴｰﾀﾞﾌﾞﾘｭｰｴｽｷﾞﾝｺｳ,AWS銀行,629,629ｼﾃﾝ,629支店
2023-05-12,9999,ｴｰﾀﾞﾌﾞﾘｭｰｴｽｷﾞﾝｺｳ,AWS銀行,630,630ｼﾃﾝ,630支店
2023-05-12,9999,ｴｰﾀﾞﾌﾞﾘｭｰｴｽｷﾞﾝｺｳ,AWS銀行,631,631ｼﾃﾝ,631支店
2023-05-12,9999,ｴｰﾀﾞﾌﾞﾘｭｰｴｽｷﾞﾝｺｳ,AWS銀行,632,632ｼﾃﾝ,632支店
2023-05-12,9999,ｴｰﾀﾞﾌﾞﾘｭｰｴｽｷﾞﾝｺｳ,AWS銀行,633,633ｼﾃﾝ,633支店
2023-05-12,9999,ｴｰﾀﾞﾌﾞﾘｭｰｴｽｷﾞﾝｺｳ,AWS銀行,634,634ｼﾃﾝ,634支店
2023-05-12,9999,ｴｰﾀﾞﾌﾞﾘｭｰｴｽｷﾞﾝｺｳ,AWS銀行,635,635ｼﾃﾝ,635支店
2023-05-12,9999,ｴｰﾀﾞﾌﾞﾘｭｰｴｽｷﾞﾝｺｳ,AWS銀行,636,636ｼﾃﾝ,636支店
2023-05-12,9999,ｴｰﾀﾞﾌﾞﾘｭｰｴｽｷﾞﾝｺｳ,AWS銀行,637,637ｼﾃﾝ,637支店
2023-05-12,9999,ｴｰﾀﾞﾌﾞﾘｭｰｴｽｷﾞﾝｺｳ,AWS銀行,638,638ｼﾃﾝ,638支店
2023-05-12,9999,ｴｰﾀﾞﾌﾞﾘｭｰｴｽｷﾞﾝｺｳ,AWS銀行,639,639ｼﾃﾝ,639支店
2023-05-12,9999,ｴｰﾀﾞﾌﾞﾘｭｰｴｽｷﾞﾝｺｳ,AWS銀行,640,640ｼﾃﾝ,640支店
2023-05-12,9999,ｴｰﾀﾞﾌﾞﾘｭｰｴｽｷﾞﾝｺｳ,AWS銀行,641,641ｼﾃﾝ,641支店
2023-05-12,9999,ｴｰﾀﾞﾌﾞﾘｭｰｴｽｷﾞﾝｺｳ,AWS銀行,642,642ｼﾃﾝ,642支店
2023-05-12,9999,ｴｰﾀﾞﾌﾞﾘｭｰｴｽｷﾞﾝｺｳ,AWS銀行,643,643ｼﾃﾝ,643支店
2023-05-12,9999,ｴｰﾀﾞﾌﾞﾘｭｰｴｽｷﾞﾝｺｳ,AWS銀行,644,644ｼﾃﾝ,644支店
2023-05-12,9999,ｴｰﾀﾞﾌﾞﾘｭｰｴｽｷﾞﾝｺｳ,AWS銀行,645,645ｼﾃﾝ,645支店
2023-05-12,9999,ｴｰﾀﾞﾌﾞﾘｭｰｴｽｷﾞﾝｺｳ,AWS銀行,646,646ｼﾃﾝ,646支店
2023-05-12,9999,ｴｰﾀﾞﾌﾞﾘｭｰｴｽｷﾞﾝｺｳ,AWS銀行,647,647ｼﾃﾝ,647支店
2023-05-12,9999,ｴｰﾀﾞﾌﾞﾘｭｰｴｽｷﾞﾝｺｳ,AWS銀行,648,648ｼﾃﾝ,648支店
2023-05-12,9999,ｴｰﾀﾞﾌﾞﾘｭｰｴｽｷﾞﾝｺｳ,AWS銀行,649,649ｼﾃﾝ,649支店
2023-05-12,9999,ｴｰﾀﾞﾌﾞﾘｭｰｴｽｷﾞﾝｺｳ,AWS銀行,650,650ｼﾃﾝ,650支店
2023-05-12,9999,ｴｰﾀﾞﾌﾞﾘｭｰｴｽｷﾞﾝｺｳ,AWS銀行,651,651ｼﾃﾝ,651支店
2023-05-12,9999,ｴｰﾀﾞﾌﾞﾘｭｰｴｽｷﾞﾝｺｳ,AWS銀行,652,652ｼﾃﾝ,652支店
2023-05-12,9999,ｴｰﾀﾞﾌﾞﾘｭｰｴｽｷﾞﾝｺｳ,AWS銀行,653,653ｼﾃﾝ,653支店
2023-05-12,9999,ｴｰﾀﾞﾌﾞﾘｭｰｴｽｷﾞﾝｺｳ,AWS銀行,654,654ｼﾃﾝ,654支店
2023-05-12,9999,ｴｰﾀﾞﾌﾞﾘｭｰｴｽｷﾞﾝｺｳ,AWS銀行,655,655ｼﾃﾝ,655支店
2023-05-12,9999,ｴｰﾀﾞﾌﾞﾘｭｰｴｽｷﾞﾝｺｳ,AWS銀行,656,656ｼﾃﾝ,656支店
2023-05-12,9999,ｴｰﾀﾞﾌﾞﾘｭｰｴｽｷﾞﾝｺｳ,AWS銀行,657,657ｼﾃﾝ,657支店
2023-05-12,9999,ｴｰﾀﾞﾌﾞﾘｭｰｴｽｷﾞﾝｺｳ,AWS銀行,658,658ｼﾃﾝ,658支店
2023-05-12,9999,ｴｰﾀﾞﾌﾞﾘｭｰｴｽｷﾞﾝｺｳ,AWS銀行,659,659ｼﾃﾝ,659支店
2023-05-12,9999,ｴｰﾀﾞﾌﾞﾘｭｰｴｽｷﾞﾝｺｳ,AWS銀行,660,660ｼﾃﾝ,660支店
2023-05-12,9999,ｴｰﾀﾞﾌﾞﾘｭｰｴｽｷﾞﾝｺｳ,AWS銀行,661,661ｼﾃﾝ,661支店
2023-05-12,9999,ｴｰﾀﾞﾌﾞﾘｭｰｴｽｷﾞﾝｺｳ,AWS銀行,662,662ｼﾃﾝ,662支店
2023-05-12,9999,ｴｰﾀﾞﾌﾞﾘｭｰｴｽｷﾞﾝｺｳ,AWS銀行,663,663ｼﾃﾝ,663支店
2023-05-12,9999,ｴｰﾀﾞﾌﾞﾘｭｰｴｽｷﾞﾝｺｳ,AWS銀行,664,664ｼﾃﾝ,664支店
2023-05-12,9999,ｴｰﾀﾞﾌﾞﾘｭｰｴｽｷﾞﾝｺｳ,AWS銀行,665,665ｼﾃﾝ,665支店
2023-05-12,9999,ｴｰﾀﾞﾌﾞﾘｭｰｴｽｷﾞﾝｺｳ,AWS銀行,666,666ｼﾃﾝ,666支店
2023-05-12,9999,ｴｰﾀﾞﾌﾞﾘｭｰｴｽｷﾞﾝｺｳ,AWS銀行,667,667ｼﾃﾝ,667支店
2023-05-12,9999,ｴｰﾀﾞﾌﾞﾘｭｰｴｽｷﾞﾝｺｳ,AWS銀行,668,668ｼﾃﾝ,668支店
2023-05-12,9999,ｴｰﾀﾞﾌﾞﾘｭｰｴｽｷﾞﾝｺｳ,AWS銀行,669,669ｼﾃﾝ,669支店
2023-05-12,9999,ｴｰﾀﾞﾌﾞﾘｭｰｴｽｷﾞﾝｺｳ,AWS銀行,670,670ｼﾃﾝ,670支店
2023-05-12,9999,ｴｰﾀﾞﾌﾞﾘｭｰｴｽｷﾞﾝｺｳ,AWS銀行,671,671ｼﾃﾝ,671支店
2023-05-12,9999,ｴｰﾀﾞﾌﾞﾘｭｰｴｽｷﾞﾝｺｳ,AWS銀行,672,672ｼﾃﾝ,672支店
2023-05-12,9999,ｴｰﾀﾞﾌﾞﾘｭｰｴｽｷﾞﾝｺｳ,AWS銀行,673,673ｼﾃﾝ,673支店
2023-05-12,9999,ｴｰﾀﾞﾌﾞﾘｭｰｴｽｷﾞﾝｺｳ,AWS銀行,674,674ｼﾃﾝ,674支店
2023-05-12,9999,ｴｰﾀﾞﾌﾞﾘｭｰｴｽｷﾞﾝｺｳ,AWS銀行,675,675ｼﾃﾝ,675支店
2023-05-12,9999,ｴｰﾀﾞﾌﾞﾘｭｰｴｽｷﾞﾝｺｳ,AWS銀行,676,676ｼﾃﾝ,676支店
2023-05-12,9999,ｴｰﾀﾞﾌﾞﾘｭｰｴｽｷﾞﾝｺｳ,AWS銀行,677,677ｼﾃﾝ,677支店
2023-05-12,9999,ｴｰﾀﾞﾌﾞﾘｭｰｴｽｷﾞﾝｺｳ,AWS銀行,678,678ｼﾃﾝ,678支店
2023-05-12,9999,ｴｰﾀﾞﾌﾞﾘｭｰｴｽｷﾞﾝｺｳ,AWS銀行,679,679ｼﾃﾝ,679支店
2023-05-12,9999,ｴｰﾀﾞﾌﾞﾘｭｰｴｽｷﾞﾝｺｳ,AWS銀行,680,680ｼﾃﾝ,680支店
2023-05-12,9999,ｴｰﾀﾞﾌﾞﾘｭｰｴｽｷﾞﾝｺｳ,AWS銀行,681,681ｼﾃﾝ,681支店
2023-05-12,9999,ｴｰﾀﾞﾌﾞﾘｭｰｴｽｷﾞﾝｺｳ,AWS銀行,682,682ｼﾃﾝ,682支店
2023-05-12,9999,ｴｰﾀﾞﾌﾞﾘｭｰｴｽｷﾞﾝｺｳ,AWS銀行,683,683ｼﾃﾝ,683支店
2023-05-12,9999,ｴｰﾀﾞﾌﾞﾘｭｰｴｽｷﾞﾝｺｳ,AWS銀行,684,684ｼﾃﾝ,684支店
2023-05-12,9999,ｴｰﾀﾞﾌﾞﾘｭｰｴｽｷﾞﾝｺｳ,AWS銀行,685,685ｼﾃﾝ,685支店
2023-05-12,9999,ｴｰﾀﾞﾌﾞﾘｭｰｴｽｷﾞﾝｺｳ,AWS銀行,686,686ｼﾃﾝ,686支店
2023-05-12,9999,ｴｰﾀﾞﾌﾞﾘｭｰｴｽｷﾞﾝｺｳ,AWS銀行,687,687ｼﾃﾝ,687支店
2023-05-12,9999,ｴｰﾀﾞﾌﾞﾘｭｰｴｽｷﾞﾝｺｳ,AWS銀行,688,688ｼﾃﾝ,688支店
2023-05-12,9999,ｴｰﾀﾞﾌﾞﾘｭｰｴｽｷﾞﾝｺｳ,AWS銀行,689,689ｼﾃﾝ,689支店
2023-05-12,9999,ｴｰﾀﾞﾌﾞﾘｭｰｴｽｷﾞﾝｺｳ,AWS銀行,690,690ｼﾃﾝ,690支店
2023-05-12,9999,ｴｰﾀﾞﾌﾞﾘｭｰｴｽｷﾞﾝｺｳ,AWS銀行,691,691ｼﾃﾝ,691支店
2023-05-12,9999,ｴｰﾀﾞﾌﾞﾘｭｰｴｽｷﾞﾝｺｳ,AWS銀行,692,692ｼﾃﾝ,692支店
2023-05-12,9999,ｴｰﾀﾞﾌﾞﾘｭｰｴｽｷﾞﾝｺｳ,AWS銀行,693,693ｼﾃﾝ,693支店
2023-05-12,9999,ｴｰﾀﾞﾌﾞﾘｭｰｴｽｷﾞﾝｺｳ,AWS銀行,694,694ｼﾃﾝ,694支店
2023-05-12,9999,ｴｰﾀﾞﾌﾞﾘｭｰｴｽｷﾞﾝｺｳ,AWS銀行,695,695ｼﾃﾝ,695支店
2023-05-12,9999,ｴｰﾀﾞﾌﾞﾘｭｰｴｽｷﾞﾝｺｳ,AWS銀行,696,696ｼﾃﾝ,696支店
2023-05-12,9999,ｴｰﾀﾞﾌﾞﾘｭｰｴｽｷﾞﾝｺｳ,AWS銀行,697,697ｼﾃﾝ,697支店
2023-05-12,9999,ｴｰﾀﾞﾌﾞﾘｭｰｴｽｷﾞﾝｺｳ,AWS銀行,698,698ｼﾃﾝ,698支店
2023-05-12,9999,ｴｰﾀﾞﾌﾞﾘｭｰｴｽｷﾞﾝｺｳ,AWS銀行,699,699ｼﾃﾝ,699支店
2023-05-12,9999,ｴｰﾀﾞﾌﾞﾘｭｰｴｽｷﾞﾝｺｳ,AWS銀行,700,700ｼﾃﾝ,700支店
2023-05-12,9999,ｴｰﾀﾞﾌﾞﾘｭｰｴｽｷﾞﾝｺｳ,AWS銀行,701,701ｼﾃﾝ,701支店
2023-05-12,9999,ｴｰﾀﾞﾌﾞﾘｭｰｴｽｷﾞﾝｺｳ,AWS銀行,702,702ｼﾃﾝ,702支店
2023-05-12,9999,ｴｰﾀﾞﾌﾞﾘｭｰｴｽｷﾞﾝｺｳ,AWS銀行,703,703ｼﾃﾝ,703支店
2023-05-12,9999,ｴｰﾀﾞﾌﾞﾘｭｰｴｽｷﾞﾝｺｳ,AWS銀行,704,704ｼﾃﾝ,704支店
2023-05-12,9999,ｴｰﾀﾞﾌﾞﾘｭｰｴｽｷﾞﾝｺｳ,AWS銀行,705,705ｼﾃﾝ,705支店
2023-05-12,9999,ｴｰﾀﾞﾌﾞﾘｭｰｴｽｷﾞﾝｺｳ,AWS銀行,706,706ｼﾃﾝ,706支店
2023-05-12,9999,ｴｰﾀﾞﾌﾞﾘｭｰｴｽｷﾞﾝｺｳ,AWS銀行,707,707ｼﾃﾝ,707支店
2023-05-12,9999,ｴｰﾀﾞﾌﾞﾘｭｰｴｽｷﾞﾝｺｳ,AWS銀行,708,708ｼﾃﾝ,708支店
2023-05-12,9999,ｴｰﾀﾞﾌﾞﾘｭｰｴｽｷﾞﾝｺｳ,AWS銀行,709,709ｼﾃﾝ,709支店
2023-05-12,9999,ｴｰﾀﾞﾌﾞﾘｭｰｴｽｷﾞﾝｺｳ,AWS銀行,710,710ｼﾃﾝ,710支店
2023-05-12,9999,ｴｰﾀﾞﾌﾞﾘｭｰｴｽｷﾞﾝｺｳ,AWS銀行,711,711ｼﾃﾝ,711支店
2023-05-12,9999,ｴｰﾀﾞﾌﾞﾘｭｰｴｽｷﾞﾝｺｳ,AWS銀行,712,712ｼﾃﾝ,712支店
2023-05-12,9999,ｴｰﾀﾞﾌﾞﾘｭｰｴｽｷﾞﾝｺｳ,AWS銀行,713,713ｼﾃﾝ,713支店
2023-05-12,9999,ｴｰﾀﾞﾌﾞﾘｭｰｴｽｷﾞﾝｺｳ,AWS銀行,714,714ｼﾃﾝ,714支店
2023-05-12,9999,ｴｰﾀﾞﾌﾞﾘｭｰｴｽｷﾞﾝｺｳ,AWS銀行,715,715ｼﾃﾝ,715支店
2023-05-12,9999,ｴｰﾀﾞﾌﾞﾘｭｰｴｽｷﾞﾝｺｳ,AWS銀行,716,716ｼﾃﾝ,716支店
2023-05-12,9999,ｴｰﾀﾞﾌﾞﾘｭｰｴｽｷﾞﾝｺｳ,AWS銀行,717,717ｼﾃﾝ,717支店
2023-05-12,9999,ｴｰﾀﾞﾌﾞﾘｭｰｴｽｷﾞﾝｺｳ,AWS銀行,718,718ｼﾃﾝ,718支店
2023-05-12,9999,ｴｰﾀﾞﾌﾞﾘｭｰｴｽｷﾞﾝｺｳ,AWS銀行,719,719ｼﾃﾝ,719支店
2023-05-12,9999,ｴｰﾀﾞﾌﾞﾘｭｰｴｽｷﾞﾝｺｳ,AWS銀行,720,720ｼﾃﾝ,720支店
2023-05-12,9999,ｴｰﾀﾞﾌﾞﾘｭｰｴｽｷﾞﾝｺｳ,AWS銀行,721,721ｼﾃﾝ,721支店
2023-05-12,9999,ｴｰﾀﾞﾌﾞﾘｭｰｴｽｷﾞﾝｺｳ,AWS銀行,722,722ｼﾃﾝ,722支店
2023-05-12,9999,ｴｰﾀﾞﾌﾞﾘｭｰｴｽｷﾞﾝｺｳ,AWS銀行,723,723ｼﾃﾝ,723支店
2023-05-12,9999,ｴｰﾀﾞﾌﾞﾘｭｰｴｽｷﾞﾝｺｳ,AWS銀行,724,724ｼﾃﾝ,724支店
2023-05-12,9999,ｴｰﾀﾞﾌﾞﾘｭｰｴｽｷﾞﾝｺｳ,AWS銀行,725,725ｼﾃﾝ,725支店
2023-05-12,9999,ｴｰﾀﾞﾌﾞﾘｭｰｴｽｷﾞﾝｺｳ,AWS銀行,726,726ｼﾃﾝ,726支店
2023-05-12,9999,ｴｰﾀﾞﾌﾞﾘｭｰｴｽｷﾞﾝｺｳ,AWS銀行,727,727ｼﾃﾝ,727支店
2023-05-12,9999,ｴｰﾀﾞﾌﾞﾘｭｰｴｽｷﾞﾝｺｳ,AWS銀行,728,728ｼﾃﾝ,728支店
2023-05-12,9999,ｴｰﾀﾞﾌﾞﾘｭｰｴｽｷﾞﾝｺｳ,AWS銀行,729,729ｼﾃﾝ,729支店
2023-05-12,9999,ｴｰﾀﾞﾌﾞﾘｭｰｴｽｷﾞﾝｺｳ,AWS銀行,730,730ｼﾃﾝ,730支店
2023-05-12,9999,ｴｰﾀﾞﾌﾞﾘｭｰｴｽｷﾞﾝｺｳ,AWS銀行,731,731ｼﾃﾝ,731支店
2023-05-12,9999,ｴｰﾀﾞﾌﾞﾘｭｰｴｽｷﾞﾝｺｳ,AWS銀行,732,732ｼﾃﾝ,732支店
2023-05-12,9999,ｴｰﾀﾞﾌﾞﾘｭｰｴｽｷﾞﾝｺｳ,AWS銀行,733,733ｼﾃﾝ,733支店
2023-05-12,9999,ｴｰﾀﾞﾌﾞﾘｭｰｴｽｷﾞﾝｺｳ,AWS銀行,734,734ｼﾃﾝ,734支店
2023-05-12,9999,ｴｰﾀﾞﾌﾞﾘｭｰｴｽｷﾞﾝｺｳ,AWS銀行,735,735ｼﾃﾝ,735支店
2023-05-12,9999,ｴｰﾀﾞﾌﾞﾘｭｰｴｽｷﾞﾝｺｳ,AWS銀行,736,736ｼﾃﾝ,736支店
2023-05-12,9999,ｴｰﾀﾞﾌﾞﾘｭｰｴｽｷﾞﾝｺｳ,AWS銀行,737,737ｼﾃﾝ,737支店
2023-05-12,9999,ｴｰﾀﾞﾌﾞﾘｭｰｴｽｷﾞﾝｺｳ,AWS銀行,738,738ｼﾃﾝ,738支店
2023-05-12,9999,ｴｰﾀﾞﾌﾞﾘｭｰｴｽｷﾞﾝｺｳ,AWS銀行,739,739ｼﾃﾝ,739支店
2023-05-12,9999,ｴｰﾀﾞﾌﾞﾘｭｰｴｽｷﾞﾝｺｳ,AWS銀行,740,740ｼﾃﾝ,740支店
2023-05-12,9999,ｴｰﾀﾞﾌﾞﾘｭｰｴｽｷﾞﾝｺｳ,AWS銀行,741,741ｼﾃﾝ,741支店
2023-05-12,9999,ｴｰﾀﾞﾌﾞﾘｭｰｴｽｷﾞﾝｺｳ,AWS銀行,742,742ｼﾃﾝ,742支店
2023-05-12,9999,ｴｰﾀﾞﾌﾞﾘｭｰｴｽｷﾞﾝｺｳ,AWS銀行,743,743ｼﾃﾝ,743支店
2023-05-12,9999,ｴｰﾀﾞﾌﾞﾘｭｰｴｽｷﾞﾝｺｳ,AWS銀行,744,744ｼﾃﾝ,744支店
2023-05-12,9999,ｴｰﾀﾞﾌﾞﾘｭｰｴｽｷﾞﾝｺｳ,AWS銀行,745,745ｼﾃﾝ,745支店
2023-05-12,9999,ｴｰﾀﾞﾌﾞﾘｭｰｴｽｷﾞﾝｺｳ,AWS銀行,746,746ｼﾃﾝ,746支店
2023-05-12,9999,ｴｰﾀﾞﾌﾞﾘｭｰｴｽｷﾞﾝｺｳ,AWS銀行,747,747ｼﾃﾝ,747支店
2023-05-12,9999,ｴｰﾀﾞﾌﾞﾘｭｰｴｽｷﾞﾝｺｳ,AWS銀行,748,748ｼﾃﾝ,748支店
2023-05-12,9999,ｴｰﾀﾞﾌﾞﾘｭｰｴｽｷﾞﾝｺｳ,AWS銀行,749,749ｼﾃﾝ,749支店
2023-05-12,9999,ｴｰﾀﾞﾌﾞﾘｭｰｴｽｷﾞﾝｺｳ,AWS銀行,750,750ｼﾃﾝ,750支店
2023-05-12,9999,ｴｰﾀﾞﾌﾞﾘｭｰｴｽｷﾞﾝｺｳ,AWS銀行,751,751ｼﾃﾝ,751支店
2023-05-12,9999,ｴｰﾀﾞﾌﾞﾘｭｰｴｽｷﾞﾝｺｳ,AWS銀行,752,752ｼﾃﾝ,752支店
2023-05-12,9999,ｴｰﾀﾞﾌﾞﾘｭｰｴｽｷﾞﾝｺｳ,AWS銀行,753,753ｼﾃﾝ,753支店
2023-05-12,9999,ｴｰﾀﾞﾌﾞﾘｭｰｴｽｷﾞﾝｺｳ,AWS銀行,754,754ｼﾃﾝ,754支店
2023-05-12,9999,ｴｰﾀﾞﾌﾞﾘｭｰｴｽｷﾞﾝｺｳ,AWS銀行,755,755ｼﾃﾝ,755支店
2023-05-12,9999,ｴｰﾀﾞﾌﾞﾘｭｰｴｽｷﾞﾝｺｳ,AWS銀行,756,756ｼﾃﾝ,756支店
2023-05-12,9999,ｴｰﾀﾞﾌﾞﾘｭｰｴｽｷﾞﾝｺｳ,AWS銀行,757,757ｼﾃﾝ,757支店
2023-05-12,9999,ｴｰﾀﾞﾌﾞﾘｭｰｴｽｷﾞﾝｺｳ,AWS銀行,758,758ｼﾃﾝ,758支店
2023-05-12,9999,ｴｰﾀﾞﾌﾞﾘｭｰｴｽｷﾞﾝｺｳ,AWS銀行,759,759ｼﾃﾝ,759支店
2023-05-12,9999,ｴｰﾀﾞﾌﾞﾘｭｰｴｽｷﾞﾝｺｳ,AWS銀行,760,760ｼﾃﾝ,760支店
2023-05-12,9999,ｴｰﾀﾞﾌﾞﾘｭｰｴｽｷﾞﾝｺｳ,AWS銀行,761,761ｼﾃﾝ,761支店
2023-05-12,9999,ｴｰﾀﾞﾌﾞﾘｭｰｴｽｷﾞﾝｺｳ,AWS銀行,762,762ｼﾃﾝ,762支店
2023-05-12,9999,ｴｰﾀﾞﾌﾞﾘｭｰｴｽｷﾞﾝｺｳ,AWS銀行,763,763ｼﾃﾝ,763支店
2023-05-12,9999,ｴｰﾀﾞﾌﾞﾘｭｰｴｽｷﾞﾝｺｳ,AWS銀行,764,764ｼﾃﾝ,764支店
2023-05-12,9999,ｴｰﾀﾞﾌﾞﾘｭｰｴｽｷﾞﾝｺｳ,AWS銀行,765,765ｼﾃﾝ,765支店
2023-05-12,9999,ｴｰﾀﾞﾌﾞﾘｭｰｴｽｷﾞﾝｺｳ,AWS銀行,766,766ｼﾃﾝ,766支店
2023-05-12,9999,ｴｰﾀﾞﾌﾞﾘｭｰｴｽｷﾞﾝｺｳ,AWS銀行,767,767ｼﾃﾝ,767支店
2023-05-12,9999,ｴｰﾀﾞﾌﾞﾘｭｰｴｽｷﾞﾝｺｳ,AWS銀行,768,768ｼﾃﾝ,768支店
2023-05-12,9999,ｴｰﾀﾞﾌﾞﾘｭｰｴｽｷﾞﾝｺｳ,AWS銀行,769,769ｼﾃﾝ,769支店
2023-05-12,9999,ｴｰﾀﾞﾌﾞﾘｭｰｴｽｷﾞﾝｺｳ,AWS銀行,770,770ｼﾃﾝ,770支店
2023-05-12,9999,ｴｰﾀﾞﾌﾞﾘｭｰｴｽｷﾞﾝｺｳ,AWS銀行,771,771ｼﾃﾝ,771支店
2023-05-12,9999,ｴｰﾀﾞﾌﾞﾘｭｰｴｽｷﾞﾝｺｳ,AWS銀行,772,772ｼﾃﾝ,772支店
2023-05-12,9999,ｴｰﾀﾞﾌﾞﾘｭｰｴｽｷﾞﾝｺｳ,AWS銀行,773,773ｼﾃﾝ,773支店
2023-05-12,9999,ｴｰﾀﾞﾌﾞﾘｭｰｴｽｷﾞﾝｺｳ,AWS銀行,774,774ｼﾃﾝ,774支店
2023-05-12,9999,ｴｰﾀﾞﾌﾞﾘｭｰｴｽｷﾞﾝｺｳ,AWS銀行,775,775ｼﾃﾝ,775支店
2023-05-12,9999,ｴｰﾀﾞﾌﾞﾘｭｰｴｽｷﾞﾝｺｳ,AWS銀行,776,776ｼﾃﾝ,776支店
2023-05-12,9999,ｴｰﾀﾞﾌﾞﾘｭｰｴｽｷﾞﾝｺｳ,AWS銀行,777,777ｼﾃﾝ,777支店
2023-05-12,9999,ｴｰﾀﾞﾌﾞﾘｭｰｴｽｷﾞﾝｺｳ,AWS銀行,778,778ｼﾃﾝ,778支店
2023-05-12,9999,ｴｰﾀﾞﾌﾞﾘｭｰｴｽｷﾞﾝｺｳ,AWS銀行,779,779ｼﾃﾝ,779支店
2023-05-12,9999,ｴｰﾀﾞﾌﾞﾘｭｰｴｽｷﾞﾝｺｳ,AWS銀行,780,780ｼﾃﾝ,780支店
2023-05-12,9999,ｴｰﾀﾞﾌﾞﾘｭｰｴｽｷﾞﾝｺｳ,AWS銀行,781,781ｼﾃﾝ,781支店
2023-05-12,9999,ｴｰﾀﾞﾌﾞﾘｭｰｴｽｷﾞﾝｺｳ,AWS銀行,782,782ｼﾃﾝ,782支店
2023-05-12,9999,ｴｰﾀﾞﾌﾞﾘｭｰｴｽｷﾞﾝｺｳ,AWS銀行,783,783ｼﾃﾝ,783支店
2023-05-12,9999,ｴｰﾀﾞﾌﾞﾘｭｰｴｽｷﾞﾝｺｳ,AWS銀行,784,784ｼﾃﾝ,784支店
2023-05-12,9999,ｴｰﾀﾞﾌﾞﾘｭｰｴｽｷﾞﾝｺｳ,AWS銀行,785,785ｼﾃﾝ,785支店
2023-05-12,9999,ｴｰﾀﾞﾌﾞﾘｭｰｴｽｷﾞﾝｺｳ,AWS銀行,786,786ｼﾃﾝ,786支店
2023-05-12,9999,ｴｰﾀﾞﾌﾞﾘｭｰｴｽｷﾞﾝｺｳ,AWS銀行,787,787ｼﾃﾝ,787支店
2023-05-12,9999,ｴｰﾀﾞﾌﾞﾘｭｰｴｽｷﾞﾝｺｳ,AWS銀行,788,788ｼﾃﾝ,788支店
2023-05-12,9999,ｴｰﾀﾞﾌﾞﾘｭｰｴｽｷﾞﾝｺｳ,AWS銀行,789,789ｼﾃﾝ,789支店
2023-05-12,9999,ｴｰﾀﾞﾌﾞﾘｭｰｴｽｷﾞﾝｺｳ,AWS銀行,790,790ｼﾃﾝ,790支店
2023-05-12,9999,ｴｰﾀﾞﾌﾞﾘｭｰｴｽｷﾞﾝｺｳ,AWS銀行,791,791ｼﾃﾝ,791支店
2023-05-12,9999,ｴｰﾀﾞﾌﾞﾘｭｰｴｽｷﾞﾝｺｳ,AWS銀行,792,792ｼﾃﾝ,792支店
2023-05-12,9999,ｴｰﾀﾞﾌﾞﾘｭｰｴｽｷﾞﾝｺｳ,AWS銀行,793,793ｼﾃﾝ,793支店
2023-05-12,9999,ｴｰﾀﾞﾌﾞﾘｭｰｴｽｷﾞﾝｺｳ,AWS銀行,794,794ｼﾃﾝ,794支店
2023-05-12,9999,ｴｰﾀﾞﾌﾞﾘｭｰｴｽｷﾞﾝｺｳ,AWS銀行,795,795ｼﾃﾝ,795支店
2023-05-12,9999,ｴｰﾀﾞﾌﾞﾘｭｰｴｽｷﾞﾝｺｳ,AWS銀行,796,796ｼﾃﾝ,796支店
2023-05-12,9999,ｴｰﾀﾞﾌﾞﾘｭｰｴｽｷﾞﾝｺｳ,AWS銀行,797,797ｼﾃﾝ,797支店
2023-05-12,9999,ｴｰﾀﾞﾌﾞﾘｭｰｴｽｷﾞﾝｺｳ,AWS銀行,798,798ｼﾃﾝ,798支店
2023-05-12,9999,ｴｰﾀﾞﾌﾞﾘｭｰｴｽｷﾞﾝｺｳ,AWS銀行,799,799ｼﾃﾝ,799支店
2023-05-12,9999,ｴｰﾀﾞﾌﾞﾘｭｰｴｽｷﾞﾝｺｳ,AWS銀行,800,800ｼﾃﾝ,800支店
2023-05-12,9999,ｴｰﾀﾞﾌﾞﾘｭｰｴｽｷﾞﾝｺｳ,AWS銀行,801,801ｼﾃﾝ,801支店
2023-05-12,9999,ｴｰﾀﾞﾌﾞﾘｭｰｴｽｷﾞﾝｺｳ,AWS銀行,802,802ｼﾃﾝ,802支店
2023-05-12,9999,ｴｰﾀﾞﾌﾞﾘｭｰｴｽｷﾞﾝｺｳ,AWS銀行,803,803ｼﾃﾝ,803支店
2023-05-12,9999,ｴｰﾀﾞﾌﾞﾘｭｰｴｽｷﾞﾝｺｳ,AWS銀行,804,804ｼﾃﾝ,804支店
2023-05-12,9999,ｴｰﾀﾞﾌﾞﾘｭｰｴｽｷﾞﾝｺｳ,AWS銀行,805,805ｼﾃﾝ,805支店
2023-05-12,9999,ｴｰﾀﾞﾌﾞﾘｭｰｴｽｷﾞﾝｺｳ,AWS銀行,806,806ｼﾃﾝ,806支店
2023-05-12,9999,ｴｰﾀﾞﾌﾞﾘｭｰｴｽｷﾞﾝｺｳ,AWS銀行,807,807ｼﾃﾝ,807支店
2023-05-12,9999,ｴｰﾀﾞﾌﾞﾘｭｰｴｽｷﾞﾝｺｳ,AWS銀行,808,808ｼﾃﾝ,808支店
2023-05-12,9999,ｴｰﾀﾞﾌﾞﾘｭｰｴｽｷﾞﾝｺｳ,AWS銀行,809,809ｼﾃﾝ,809支店
2023-05-12,9999,ｴｰﾀﾞﾌﾞﾘｭｰｴｽｷﾞﾝｺｳ,AWS銀行,810,810ｼﾃﾝ,810支店
2023-05-12,9999,ｴｰﾀﾞﾌﾞﾘｭｰｴｽｷﾞﾝｺｳ,AWS銀行,811,811ｼﾃﾝ,811支店
2023-05-12,9999,ｴｰﾀﾞﾌﾞﾘｭｰｴｽｷﾞﾝｺｳ,AWS銀行,812,812ｼﾃﾝ,812支店
2023-05-12,9999,ｴｰﾀﾞﾌﾞﾘｭｰｴｽｷﾞﾝｺｳ,AWS銀行,813,813ｼﾃﾝ,813支店
2023-05-12,9999,ｴｰﾀﾞﾌﾞﾘｭｰｴｽｷﾞﾝｺｳ,AWS銀行,814,814ｼﾃﾝ,814支店
2023-05-12,9999,ｴｰﾀﾞﾌﾞﾘｭｰｴｽｷﾞﾝｺｳ,AWS銀行,815,815ｼﾃﾝ,815支店
2023-05-12,9999,ｴｰﾀﾞﾌﾞﾘｭｰｴｽｷﾞﾝｺｳ,AWS銀行,816,816ｼﾃﾝ,816支店
2023-05-12,9999,ｴｰﾀﾞﾌﾞﾘｭｰｴｽｷﾞﾝｺｳ,AWS銀行,817,817ｼﾃﾝ,817支店
2023-05-12,9999,ｴｰﾀﾞﾌﾞﾘｭｰｴｽｷﾞﾝｺｳ,AWS銀行,818,818ｼﾃﾝ,818支店
2023-05-12,9999,ｴｰﾀﾞﾌﾞﾘｭｰｴｽｷﾞﾝｺｳ,AWS銀行,819,819ｼﾃﾝ,819支店
2023-05-12,9999,ｴｰﾀﾞﾌﾞﾘｭｰｴｽｷﾞﾝｺｳ,AWS銀行,820,820ｼﾃﾝ,820支店
2023-05-12,9999,ｴｰﾀﾞﾌﾞﾘｭｰｴｽｷﾞﾝｺｳ,AWS銀行,821,821ｼﾃﾝ,821支店
2023-05-12,9999,ｴｰﾀﾞﾌﾞﾘｭｰｴｽｷﾞﾝｺｳ,AWS銀行,822,822ｼﾃﾝ,822支店
2023-05-12,9999,ｴｰﾀﾞﾌﾞﾘｭｰｴｽｷﾞﾝｺｳ,AWS銀行,823,823ｼﾃﾝ,823支店
2023-05-12,9999,ｴｰﾀﾞﾌﾞﾘｭｰｴｽｷﾞﾝｺｳ,AWS銀行,824,824ｼﾃﾝ,824支店
2023-05-12,9999,ｴｰﾀﾞﾌﾞﾘｭｰｴｽｷﾞﾝｺｳ,AWS銀行,825,825ｼﾃﾝ,825支店
2023-05-12,9999,ｴｰﾀﾞﾌﾞﾘｭｰｴｽｷﾞﾝｺｳ,AWS銀行,826,826ｼﾃﾝ,826支店
2023-05-12,9999,ｴｰﾀﾞﾌﾞﾘｭｰｴｽｷﾞﾝｺｳ,AWS銀行,827,827ｼﾃﾝ,827支店
2023-05-12,9999,ｴｰﾀﾞﾌﾞﾘｭｰｴｽｷﾞﾝｺｳ,AWS銀行,828,828ｼﾃﾝ,828支店
2023-05-12,9999,ｴｰﾀﾞﾌﾞﾘｭｰｴｽｷﾞﾝｺｳ,AWS銀行,829,829ｼﾃﾝ,829支店
2023-05-12,9999,ｴｰﾀﾞﾌﾞﾘｭｰｴｽｷﾞﾝｺｳ,AWS銀行,830,830ｼﾃﾝ,830支店
2023-05-12,9999,ｴｰﾀﾞﾌﾞﾘｭｰｴｽｷﾞﾝｺｳ,AWS銀行,831,831ｼﾃﾝ,831支店
2023-05-12,9999,ｴｰﾀﾞﾌﾞﾘｭｰｴｽｷﾞﾝｺｳ,AWS銀行,832,832ｼﾃﾝ,832支店
2023-05-12,9999,ｴｰﾀﾞﾌﾞﾘｭｰｴｽｷﾞﾝｺｳ,AWS銀行,833,833ｼﾃﾝ,833支店
2023-05-12,9999,ｴｰﾀﾞﾌﾞﾘｭｰｴｽｷﾞﾝｺｳ,AWS銀行,834,834ｼﾃﾝ,834支店
2023-05-12,9999,ｴｰﾀﾞﾌﾞﾘｭｰｴｽｷﾞﾝｺｳ,AWS銀行,835,835ｼﾃﾝ,835支店
2023-05-12,9999,ｴｰﾀﾞﾌﾞﾘｭｰｴｽｷﾞﾝｺｳ,AWS銀行,836,836ｼﾃﾝ,836支店
2023-05-12,9999,ｴｰﾀﾞﾌﾞﾘｭｰｴｽｷﾞﾝｺｳ,AWS銀行,837,837ｼﾃﾝ,837支店
2023-05-12,9999,ｴｰﾀﾞﾌﾞﾘｭｰｴｽｷﾞﾝｺｳ,AWS銀行,838,838ｼﾃﾝ,838支店
2023-05-12,9999,ｴｰﾀﾞﾌﾞﾘｭｰｴｽｷﾞﾝｺｳ,AWS銀行,839,839ｼﾃﾝ,839支店
2023-05-12,9999,ｴｰﾀﾞﾌﾞﾘｭｰｴｽｷﾞﾝｺｳ,AWS銀行,840,840ｼﾃﾝ,840支店
2023-05-12,9999,ｴｰﾀﾞﾌﾞﾘｭｰｴｽｷﾞﾝｺｳ,AWS銀行,841,841ｼﾃﾝ,841支店
2023-05-12,9999,ｴｰﾀﾞﾌﾞﾘｭｰｴｽｷﾞﾝｺｳ,AWS銀行,842,842ｼﾃﾝ,842支店
2023-05-12,9999,ｴｰﾀﾞﾌﾞﾘｭｰｴｽｷﾞﾝｺｳ,AWS銀行,843,843ｼﾃﾝ,843支店
2023-05-12,9999,ｴｰﾀﾞﾌﾞﾘｭｰｴｽｷﾞﾝｺｳ,AWS銀行,844,844ｼﾃﾝ,844支店
2023-05-12,9999,ｴｰﾀﾞﾌﾞﾘｭｰｴｽｷﾞﾝｺｳ,AWS銀行,845,845ｼﾃﾝ,845支店
2023-05-12,9999,ｴｰﾀﾞﾌﾞﾘｭｰｴｽｷﾞﾝｺｳ,AWS銀行,846,846ｼﾃﾝ,846支店
2023-05-12,9999,ｴｰﾀﾞﾌﾞﾘｭｰｴｽｷﾞﾝｺｳ,AWS銀行,847,847ｼﾃﾝ,847支店
2023-05-12,9999,ｴｰﾀﾞﾌﾞﾘｭｰｴｽｷﾞﾝｺｳ,AWS銀行,848,848ｼﾃﾝ,848支店
2023-05-12,9999,ｴｰﾀﾞﾌﾞﾘｭｰｴｽｷﾞﾝｺｳ,AWS銀行,849,849ｼﾃﾝ,849支店
2023-05-12,9999,ｴｰﾀﾞﾌﾞﾘｭｰｴｽｷﾞﾝｺｳ,AWS銀行,850,850ｼﾃﾝ,850支店
2023-05-12,9999,ｴｰﾀﾞﾌﾞﾘｭｰｴｽｷﾞﾝｺｳ,AWS銀行,851,851ｼﾃﾝ,851支店
2023-05-12,9999,ｴｰﾀﾞﾌﾞﾘｭｰｴｽｷﾞﾝｺｳ,AWS銀行,852,852ｼﾃﾝ,852支店
2023-05-12,9999,ｴｰﾀﾞﾌﾞﾘｭｰｴｽｷﾞﾝｺｳ,AWS銀行,853,853ｼﾃﾝ,853支店
2023-05-12,9999,ｴｰﾀﾞﾌﾞﾘｭｰｴｽｷﾞﾝｺｳ,AWS銀行,854,854ｼﾃﾝ,854支店
2023-05-12,9999,ｴｰﾀﾞﾌﾞﾘｭｰｴｽｷﾞﾝｺｳ,AWS銀行,855,855ｼﾃﾝ,855支店
2023-05-12,9999,ｴｰﾀﾞﾌﾞﾘｭｰｴｽｷﾞﾝｺｳ,AWS銀行,856,856ｼﾃﾝ,856支店
2023-05-12,9999,ｴｰﾀﾞﾌﾞﾘｭｰｴｽｷﾞﾝｺｳ,AWS銀行,857,857ｼﾃﾝ,857支店
2023-05-12,9999,ｴｰﾀﾞﾌﾞﾘｭｰｴｽｷﾞﾝｺｳ,AWS銀行,858,858ｼﾃﾝ,858支店
2023-05-12,9999,ｴｰﾀﾞﾌﾞﾘｭｰｴｽｷﾞﾝｺｳ,AWS銀行,859,859ｼﾃﾝ,859支店
2023-05-12,9999,ｴｰﾀﾞﾌﾞﾘｭｰｴｽｷﾞﾝｺｳ,AWS銀行,860,860ｼﾃﾝ,860支店
2023-05-12,9999,ｴｰﾀﾞﾌﾞﾘｭｰｴｽｷﾞﾝｺｳ,AWS銀行,861,861ｼﾃﾝ,861支店
2023-05-12,9999,ｴｰﾀﾞﾌﾞﾘｭｰｴｽｷﾞﾝｺｳ,AWS銀行,862,862ｼﾃﾝ,862支店
2023-05-12,9999,ｴｰﾀﾞﾌﾞﾘｭｰｴｽｷﾞﾝｺｳ,AWS銀行,863,863ｼﾃﾝ,863支店
2023-05-12,9999,ｴｰﾀﾞﾌﾞﾘｭｰｴｽｷﾞﾝｺｳ,AWS銀行,864,864ｼﾃﾝ,864支店
2023-05-12,9999,ｴｰﾀﾞﾌﾞﾘｭｰｴｽｷﾞﾝｺｳ,AWS銀行,865,865ｼﾃﾝ,865支店
2023-05-12,9999,ｴｰﾀﾞﾌﾞﾘｭｰｴｽｷﾞﾝｺｳ,AWS銀行,866,866ｼﾃﾝ,866支店
2023-05-12,9999,ｴｰﾀﾞﾌﾞﾘｭｰｴｽｷﾞﾝｺｳ,AWS銀行,867,867ｼﾃﾝ,867支店
2023-05-12,9999,ｴｰﾀﾞﾌﾞﾘｭｰｴｽｷﾞﾝｺｳ,AWS銀行,868,868ｼﾃﾝ,868支店
2023-05-12,9999,ｴｰﾀﾞﾌﾞﾘｭｰｴｽｷﾞﾝｺｳ,AWS銀行,869,869ｼﾃﾝ,869支店
2023-05-12,9999,ｴｰﾀﾞﾌﾞﾘｭｰｴｽｷﾞﾝｺｳ,AWS銀行,870,870ｼﾃﾝ,870支店
2023-05-12,9999,ｴｰﾀﾞﾌﾞﾘｭｰｴｽｷﾞﾝｺｳ,AWS銀行,871,871ｼﾃﾝ,871支店
2023-05-12,9999,ｴｰﾀﾞﾌﾞﾘｭｰｴｽｷﾞﾝｺｳ,AWS銀行,872,872ｼﾃﾝ,872支店
2023-05-12,9999,ｴｰﾀﾞﾌﾞﾘｭｰｴｽｷﾞﾝｺｳ,AWS銀行,873,873ｼﾃﾝ,873支店
2023-05-12,9999,ｴｰﾀﾞﾌﾞﾘｭｰｴｽｷﾞﾝｺｳ,AWS銀行,874,874ｼﾃﾝ,874支店
2023-05-12,9999,ｴｰﾀﾞﾌﾞﾘｭｰｴｽｷﾞﾝｺｳ,AWS銀行,875,875ｼﾃﾝ,875支店
2023-05-12,9999,ｴｰﾀﾞﾌﾞﾘｭｰｴｽｷﾞﾝｺｳ,AWS銀行,876,876ｼﾃﾝ,876支店
2023-05-12,9999,ｴｰﾀﾞﾌﾞﾘｭｰｴｽｷﾞﾝｺｳ,AWS銀行,877,877ｼﾃﾝ,877支店
2023-05-12,9999,ｴｰﾀﾞﾌﾞﾘｭｰｴｽｷﾞﾝｺｳ,AWS銀行,878,878ｼﾃﾝ,878支店
2023-05-12,9999,ｴｰﾀﾞﾌﾞﾘｭｰｴｽｷﾞﾝｺｳ,AWS銀行,879,879ｼﾃﾝ,879支店
2023-05-12,9999,ｴｰﾀﾞﾌﾞﾘｭｰｴｽｷﾞﾝｺｳ,AWS銀行,880,880ｼﾃﾝ,880支店
2023-05-12,9999,ｴｰﾀﾞﾌﾞﾘｭｰｴｽｷﾞﾝｺｳ,AWS銀行,881,881ｼﾃﾝ,881支店
2023-05-12,9999,ｴｰﾀﾞﾌﾞﾘｭｰｴｽｷﾞﾝｺｳ,AWS銀行,882,882ｼﾃﾝ,882支店
2023-05-12,9999,ｴｰﾀﾞﾌﾞﾘｭｰｴｽｷﾞﾝｺｳ,AWS銀行,883,883ｼﾃﾝ,883支店
2023-05-12,9999,ｴｰﾀﾞﾌﾞﾘｭｰｴｽｷﾞﾝｺｳ,AWS銀行,884,884ｼﾃﾝ,884支店
2023-05-12,9999,ｴｰﾀﾞﾌﾞﾘｭｰｴｽｷﾞﾝｺｳ,AWS銀行,885,885ｼﾃﾝ,885支店
2023-05-12,9999,ｴｰﾀﾞﾌﾞﾘｭｰｴｽｷﾞﾝｺｳ,AWS銀行,886,886ｼﾃﾝ,886支店
2023-05-12,9999,ｴｰﾀﾞﾌﾞﾘｭｰｴｽｷﾞﾝｺｳ,AWS銀行,887,887ｼﾃﾝ,887支店
2023-05-12,9999,ｴｰﾀﾞﾌﾞﾘｭｰｴｽｷﾞﾝｺｳ,AWS銀行,888,888ｼﾃﾝ,888支店
2023-05-12,9999,ｴｰﾀﾞﾌﾞﾘｭｰｴｽｷﾞﾝｺｳ,AWS銀行,889,889ｼﾃﾝ,889支店
2023-05-12,9999,ｴｰﾀﾞﾌﾞﾘｭｰｴｽｷﾞﾝｺｳ,AWS銀行,890,890ｼﾃﾝ,890支店
2023-05-12,9999,ｴｰﾀﾞﾌﾞﾘｭｰｴｽｷﾞﾝｺｳ,AWS銀行,891,891ｼﾃﾝ,891支店
2023-05-12,9999,ｴｰﾀﾞﾌﾞﾘｭｰｴｽｷﾞﾝｺｳ,AWS銀行,892,892ｼﾃﾝ,892支店
2023-05-12,9999,ｴｰﾀﾞﾌﾞﾘｭｰｴｽｷﾞﾝｺｳ,AWS銀行,893,893ｼﾃﾝ,893支店
2023-05-12,9999,ｴｰﾀﾞﾌﾞﾘｭｰｴｽｷﾞﾝｺｳ,AWS銀行,894,894ｼﾃﾝ,894支店
2023-05-12,9999,ｴｰﾀﾞﾌﾞﾘｭｰｴｽｷﾞﾝｺｳ,AWS銀行,895,895ｼﾃﾝ,895支店
2023-05-12,9999,ｴｰﾀﾞﾌﾞﾘｭｰｴｽｷﾞﾝｺｳ,AWS銀行,896,896ｼﾃﾝ,896支店
2023-05-12,9999,ｴｰﾀﾞﾌﾞﾘｭｰｴｽｷﾞﾝｺｳ,AWS銀行,897,897ｼﾃﾝ,897支店
2023-05-12,9999,ｴｰﾀﾞﾌﾞﾘｭｰｴｽｷﾞﾝｺｳ,AWS銀行,898,898ｼﾃﾝ,898支店
2023-05-12,9999,ｴｰﾀﾞﾌﾞﾘｭｰｴｽｷﾞﾝｺｳ,AWS銀行,899,899ｼﾃﾝ,899支店
2023-05-12,9999,ｴｰﾀﾞﾌﾞﾘｭｰｴｽｷﾞﾝｺｳ,AWS銀行,900,900ｼﾃﾝ,900支店
2023-05-12,9999,ｴｰﾀﾞﾌﾞﾘｭｰｴｽｷﾞﾝｺｳ,AWS銀行,901,901ｼﾃﾝ,901支店
2023-05-12,9999,ｴｰﾀﾞﾌﾞﾘｭｰｴｽｷﾞﾝｺｳ,AWS銀行,902,902ｼﾃﾝ,902支店
2023-05-12,9999,ｴｰﾀﾞﾌﾞﾘｭｰｴｽｷﾞﾝｺｳ,AWS銀行,903,903ｼﾃﾝ,903支店
2023-05-12,9999,ｴｰﾀﾞﾌﾞﾘｭｰｴｽｷﾞﾝｺｳ,AWS銀行,904,904ｼﾃﾝ,904支店
2023-05-12,9999,ｴｰﾀﾞﾌﾞﾘｭｰｴｽｷﾞﾝｺｳ,AWS銀行,905,905ｼﾃﾝ,905支店
2023-05-12,9999,ｴｰﾀﾞﾌﾞﾘｭｰｴｽｷﾞﾝｺｳ,AWS銀行,906,906ｼﾃﾝ,906支店
2023-05-12,9999,ｴｰﾀﾞﾌﾞﾘｭｰｴｽｷﾞﾝｺｳ,AWS銀行,907,907ｼﾃﾝ,907支店
2023-05-12,9999,ｴｰﾀﾞﾌﾞﾘｭｰｴｽｷﾞﾝｺｳ,AWS銀行,908,908ｼﾃﾝ,908支店
2023-05-12,9999,ｴｰﾀﾞﾌﾞﾘｭｰｴｽｷﾞﾝｺｳ,AWS銀行,909,909ｼﾃﾝ,909支店
2023-05-12,9999,ｴｰﾀﾞﾌﾞﾘｭｰｴｽｷﾞﾝｺｳ,AWS銀行,910,910ｼﾃﾝ,910支店
2023-05-12,9999,ｴｰﾀﾞﾌﾞﾘｭｰｴｽｷﾞﾝｺｳ,AWS銀行,911,911ｼﾃﾝ,911支店
2023-05-12,9999,ｴｰﾀﾞﾌﾞﾘｭｰｴｽｷﾞﾝｺｳ,AWS銀行,912,912ｼﾃﾝ,912支店
2023-05-12,9999,ｴｰﾀﾞﾌﾞﾘｭｰｴｽｷﾞﾝｺｳ,AWS銀行,913,913ｼﾃﾝ,913支店
2023-05-12,9999,ｴｰﾀﾞﾌﾞﾘｭｰｴｽｷﾞﾝｺｳ,AWS銀行,914,914ｼﾃﾝ,914支店
2023-05-12,9999,ｴｰﾀﾞﾌﾞﾘｭｰｴｽｷﾞﾝｺｳ,AWS銀行,915,915ｼﾃﾝ,915支店
2023-05-12,9999,ｴｰﾀﾞﾌﾞﾘｭｰｴｽｷﾞﾝｺｳ,AWS銀行,916,916ｼﾃﾝ,916支店
2023-05-12,9999,ｴｰﾀﾞﾌﾞﾘｭｰｴｽｷﾞﾝｺｳ,AWS銀行,917,917ｼﾃﾝ,917支店
2023-05-12,9999,ｴｰﾀﾞﾌﾞﾘｭｰｴｽｷﾞﾝｺｳ,AWS銀行,918,918ｼﾃﾝ,918支店
2023-05-12,9999,ｴｰﾀﾞﾌﾞﾘｭｰｴｽｷﾞﾝｺｳ,AWS銀行,919,919ｼﾃﾝ,919支店
2023-05-12,9999,ｴｰﾀﾞﾌﾞﾘｭｰｴｽｷﾞﾝｺｳ,AWS銀行,920,920ｼﾃﾝ,920支店
2023-05-12,9999,ｴｰﾀﾞﾌﾞﾘｭｰｴｽｷﾞﾝｺｳ,AWS銀行,921,921ｼﾃﾝ,921支店
2023-05-12,9999,ｴｰﾀﾞﾌﾞﾘｭｰｴｽｷﾞﾝｺｳ,AWS銀行,922,922ｼﾃﾝ,922支店
2023-05-12,9999,ｴｰﾀﾞﾌﾞﾘｭｰｴｽｷﾞﾝｺｳ,AWS銀行,923,923ｼﾃﾝ,923支店
2023-05-12,9999,ｴｰﾀﾞﾌﾞﾘｭｰｴｽｷﾞﾝｺｳ,AWS銀行,924,924ｼﾃﾝ,924支店
2023-05-12,9999,ｴｰﾀﾞﾌﾞﾘｭｰｴｽｷﾞﾝｺｳ,AWS銀行,925,925ｼﾃﾝ,925支店
2023-05-12,9999,ｴｰﾀﾞﾌﾞﾘｭｰｴｽｷﾞﾝｺｳ,AWS銀行,926,926ｼﾃﾝ,926支店
2023-05-12,9999,ｴｰﾀﾞﾌﾞﾘｭｰｴｽｷﾞﾝｺｳ,AWS銀行,927,927ｼﾃﾝ,927支店
2023-05-12,9999,ｴｰﾀﾞﾌﾞﾘｭｰｴｽｷﾞﾝｺｳ,AWS銀行,928,928ｼﾃﾝ,928支店
2023-05-12,9999,ｴｰﾀﾞﾌﾞﾘｭｰｴｽｷﾞﾝｺｳ,AWS銀行,929,929ｼﾃﾝ,929支店
2023-05-12,9999,ｴｰﾀﾞﾌﾞﾘｭｰｴｽｷﾞﾝｺｳ,AWS銀行,930,930ｼﾃﾝ,930支店
2023-05-12,9999,ｴｰﾀﾞﾌﾞﾘｭｰｴｽｷﾞﾝｺｳ,AWS銀行,931,931ｼﾃﾝ,931支店
2023-05-12,9999,ｴｰﾀﾞﾌﾞﾘｭｰｴｽｷﾞﾝｺｳ,AWS銀行,932,932ｼﾃﾝ,932支店
2023-05-12,9999,ｴｰﾀﾞﾌﾞﾘｭｰｴｽｷﾞﾝｺｳ,AWS銀行,933,933ｼﾃﾝ,933支店
2023-05-12,9999,ｴｰﾀﾞﾌﾞﾘｭｰｴｽｷﾞﾝｺｳ,AWS銀行,934,934ｼﾃﾝ,934支店
2023-05-12,9999,ｴｰﾀﾞﾌﾞﾘｭｰｴｽｷﾞﾝｺｳ,AWS銀行,935,935ｼﾃﾝ,935支店
2023-05-12,9999,ｴｰﾀﾞﾌﾞﾘｭｰｴｽｷﾞﾝｺｳ,AWS銀行,936,936ｼﾃﾝ,936支店
2023-05-12,9999,ｴｰﾀﾞﾌﾞﾘｭｰｴｽｷﾞﾝｺｳ,AWS銀行,937,937ｼﾃﾝ,937支店
2023-05-12,9999,ｴｰﾀﾞﾌﾞﾘｭｰｴｽｷﾞﾝｺｳ,AWS銀行,938,938ｼﾃﾝ,938支店
2023-05-12,9999,ｴｰﾀﾞﾌﾞﾘｭｰｴｽｷﾞﾝｺｳ,AWS銀行,939,939ｼﾃﾝ,939支店
2023-05-12,9999,ｴｰﾀﾞﾌﾞﾘｭｰｴｽｷﾞﾝｺｳ,AWS銀行,940,940ｼﾃﾝ,940支店
2023-05-12,9999,ｴｰﾀﾞﾌﾞﾘｭｰｴｽｷﾞﾝｺｳ,AWS銀行,941,941ｼﾃﾝ,941支店
2023-05-12,9999,ｴｰﾀﾞﾌﾞﾘｭｰｴｽｷﾞﾝｺｳ,AWS銀行,942,942ｼﾃﾝ,942支店
2023-05-12,9999,ｴｰﾀﾞﾌﾞﾘｭｰｴｽｷﾞﾝｺｳ,AWS銀行,943,943ｼﾃﾝ,943支店
2023-05-12,9999,ｴｰﾀﾞﾌﾞﾘｭｰｴｽｷﾞﾝｺｳ,AWS銀行,944,944ｼﾃﾝ,944支店
2023-05-12,9999,ｴｰﾀﾞﾌﾞﾘｭｰｴｽｷﾞﾝｺｳ,AWS銀行,945,945ｼﾃﾝ,945支店
2023-05-12,9999,ｴｰﾀﾞﾌﾞﾘｭｰｴｽｷﾞﾝｺｳ,AWS銀行,946,946ｼﾃﾝ,946支店
2023-05-12,9999,ｴｰﾀﾞﾌﾞﾘｭｰｴｽｷﾞﾝｺｳ,AWS銀行,947,947ｼﾃﾝ,947支店
2023-05-12,9999,ｴｰﾀﾞﾌﾞﾘｭｰｴｽｷﾞﾝｺｳ,AWS銀行,948,948ｼﾃﾝ,948支店
2023-05-12,9999,ｴｰﾀﾞﾌﾞﾘｭｰｴｽｷﾞﾝｺｳ,AWS銀行,949,949ｼﾃﾝ,949支店
2023-05-12,9999,ｴｰﾀﾞﾌﾞﾘｭｰｴｽｷﾞﾝｺｳ,AWS銀行,950,950ｼﾃﾝ,950支店
2023-05-12,9999,ｴｰﾀﾞﾌﾞﾘｭｰｴｽｷﾞﾝｺｳ,AWS銀行,951,951ｼﾃﾝ,951支店
2023-05-12,9999,ｴｰﾀﾞﾌﾞﾘｭｰｴｽｷﾞﾝｺｳ,AWS銀行,952,952ｼﾃﾝ,952支店
2023-05-12,9999,ｴｰﾀﾞﾌﾞﾘｭｰｴｽｷﾞﾝｺｳ,AWS銀行,953,953ｼﾃﾝ,953支店
2023-05-12,9999,ｴｰﾀﾞﾌﾞﾘｭｰｴｽｷﾞﾝｺｳ,AWS銀行,954,954ｼﾃﾝ,954支店
2023-05-12,9999,ｴｰﾀﾞﾌﾞﾘｭｰｴｽｷﾞﾝｺｳ,AWS銀行,955,955ｼﾃﾝ,955支店
2023-05-12,9999,ｴｰﾀﾞﾌﾞﾘｭｰｴｽｷﾞﾝｺｳ,AWS銀行,956,956ｼﾃﾝ,956支店
2023-05-12,9999,ｴｰﾀﾞﾌﾞﾘｭｰｴｽｷﾞﾝｺｳ,AWS銀行,957,957ｼﾃﾝ,957支店
2023-05-12,9999,ｴｰﾀﾞﾌﾞﾘｭｰｴｽｷﾞﾝｺｳ,AWS銀行,958,958ｼﾃﾝ,958支店
2023-05-12,9999,ｴｰﾀﾞﾌﾞﾘｭｰｴｽｷﾞﾝｺｳ,AWS銀行,959,959ｼﾃﾝ,959支店
2023-05-12,9999,ｴｰﾀﾞﾌﾞﾘｭｰｴｽｷﾞﾝｺｳ,AWS銀行,960,960ｼﾃﾝ,960支店
2023-05-12,9999,ｴｰﾀﾞﾌﾞﾘｭｰｴｽｷﾞﾝｺｳ,AWS銀行,961,961ｼﾃﾝ,961支店
2023-05-12,9999,ｴｰﾀﾞﾌﾞﾘｭｰｴｽｷﾞﾝｺｳ,AWS銀行,962,962ｼﾃﾝ,962支店
2023-05-12,9999,ｴｰﾀﾞﾌﾞﾘｭｰｴｽｷﾞﾝｺｳ,AWS銀行,963,963ｼﾃﾝ,963支店
2023-05-12,9999,ｴｰﾀﾞﾌﾞﾘｭｰｴｽｷﾞﾝｺｳ,AWS銀行,964,964ｼﾃﾝ,964支店
2023-05-12,9999,ｴｰﾀﾞﾌﾞﾘｭｰｴｽｷﾞﾝｺｳ,AWS銀行,965,965ｼﾃﾝ,965支店
2023-05-12,9999,ｴｰﾀﾞﾌﾞﾘｭｰｴｽｷﾞﾝｺｳ,AWS銀行,966,966ｼﾃﾝ,966支店
2023-05-12,9999,ｴｰﾀﾞﾌﾞﾘｭｰｴｽｷﾞﾝｺｳ,AWS銀行,967,967ｼﾃﾝ,967支店
2023-05-12,9999,ｴｰﾀﾞﾌﾞﾘｭｰｴｽｷﾞﾝｺｳ,AWS銀行,968,968ｼﾃﾝ,968支店
2023-05-12,9999,ｴｰﾀﾞﾌﾞﾘｭｰｴｽｷﾞﾝｺｳ,AWS銀行,969,969ｼﾃﾝ,969支店
2023-05-12,9999,ｴｰﾀﾞﾌﾞﾘｭｰｴｽｷﾞﾝｺｳ,AWS銀行,970,970ｼﾃﾝ,970支店
2023-05-12,9999,ｴｰﾀﾞﾌﾞﾘｭｰｴｽｷﾞﾝｺｳ,AWS銀行,971,971ｼﾃﾝ,971支店
2023-05-12,9999,ｴｰﾀﾞﾌﾞﾘｭｰｴｽｷﾞﾝｺｳ,AWS銀行,972,972ｼﾃﾝ,972支店
2023-05-12,9999,ｴｰﾀﾞﾌﾞﾘｭｰｴｽｷﾞﾝｺｳ,AWS銀行,973,973ｼﾃﾝ,973支店
2023-05-12,9999,ｴｰﾀﾞﾌﾞﾘｭｰｴｽｷﾞﾝｺｳ,AWS銀行,974,974ｼﾃﾝ,974支店
2023-05-12,9999,ｴｰﾀﾞﾌﾞﾘｭｰｴｽｷﾞﾝｺｳ,AWS銀行,975,975ｼﾃﾝ,975支店
2023-05-12,9999,ｴｰﾀﾞﾌﾞﾘｭｰｴｽｷﾞﾝｺｳ,AWS銀行,976,976ｼﾃﾝ,976支店
2023-05-12,9999,ｴｰﾀﾞﾌﾞﾘｭｰｴｽｷﾞﾝｺｳ,AWS銀行,977,977ｼﾃﾝ,977支店
2023-05-12,9999,ｴｰﾀﾞﾌﾞﾘｭｰｴｽｷﾞﾝｺｳ,AWS銀行,978,978ｼﾃﾝ,978支店
2023-05-12,9999,ｴｰﾀﾞﾌﾞﾘｭｰｴｽｷﾞﾝｺｳ,AWS銀行,979,979ｼﾃﾝ,979支店
2023-05-12,9999,ｴｰﾀﾞﾌﾞﾘｭｰｴｽｷﾞﾝｺｳ,AWS銀行,980,980ｼﾃﾝ,980支店
2023-05-12,9999,ｴｰﾀﾞﾌﾞﾘｭｰｴｽｷﾞﾝｺｳ,AWS銀行,981,981ｼﾃﾝ,981支店
2023-05-12,9999,ｴｰﾀﾞﾌﾞﾘｭｰｴｽｷﾞﾝｺｳ,AWS銀行,982,982ｼﾃﾝ,982支店
2023-05-12,9999,ｴｰﾀﾞﾌﾞﾘｭｰｴｽｷﾞﾝｺｳ,AWS銀行,983,983ｼﾃﾝ,983支店
2023-05-12,9999,ｴｰﾀﾞﾌﾞﾘｭｰｴｽｷﾞﾝｺｳ,AWS銀行,984,984ｼﾃﾝ,984支店
2023-05-12,9999,ｴｰﾀﾞﾌﾞﾘｭｰｴｽｷﾞﾝｺｳ,AWS銀行,985,985ｼﾃﾝ,985支店
2023-05-12,9999,ｴｰﾀﾞﾌﾞﾘｭｰｴｽｷﾞﾝｺｳ,AWS銀行,986,986ｼﾃﾝ,986支店
2023-05-12,9999,ｴｰﾀﾞﾌﾞﾘｭｰｴｽｷﾞﾝｺｳ,AWS銀行,987,987ｼﾃﾝ,987支店
2023-05-12,9999,ｴｰﾀﾞﾌﾞﾘｭｰｴｽｷﾞﾝｺｳ,AWS銀行,988,988ｼﾃﾝ,988支店
2023-05-12,9999,ｴｰﾀﾞﾌﾞﾘｭｰｴｽｷﾞﾝｺｳ,AWS銀行,989,989ｼﾃﾝ,989支店
2023-05-12,9999,ｴｰﾀﾞﾌﾞﾘｭｰｴｽｷﾞﾝｺｳ,AWS銀行,990,990ｼﾃﾝ,990支店
2023-05-12,9999,ｴｰﾀﾞﾌﾞﾘｭｰｴｽｷﾞﾝｺｳ,AWS銀行,991,991ｼﾃﾝ,991支店
2023-05-12,9999,ｴｰﾀﾞﾌﾞﾘｭｰｴｽｷﾞﾝｺｳ,AWS銀行,992,992ｼﾃﾝ,992支店
2023-05-12,9999,ｴｰﾀﾞﾌﾞﾘｭｰｴｽｷﾞﾝｺｳ,AWS銀行,993,993ｼﾃﾝ,993支店
2023-05-12,9999,ｴｰﾀﾞﾌﾞﾘｭｰｴｽｷﾞﾝｺｳ,AWS銀行,994,994ｼﾃﾝ,994支店
2023-05-12,9999,ｴｰﾀﾞﾌﾞﾘｭｰｴｽｷﾞﾝｺｳ,AWS銀行,995,995ｼﾃﾝ,995支店
2023-05-12,9999,ｴｰﾀﾞﾌﾞﾘｭｰｴｽｷﾞﾝｺｳ,AWS銀行,996,996ｼﾃﾝ,996支店
2023-05-12,9999,ｴｰﾀﾞﾌﾞﾘｭｰｴｽｷﾞﾝｺｳ,AWS銀行,997,997ｼﾃﾝ,997支店
2023-05-12,9999,ｴｰﾀﾞﾌﾞﾘｭｰｴｽｷﾞﾝｺｳ,AWS銀行,998,998ｼﾃﾝ,998支店
2023-05-12,9999,ｴｰﾀﾞﾌﾞﾘｭｰｴｽｷﾞﾝｺｳ,AWS銀行,999,999ｼﾃﾝ,999支店
